pdf_id,g3-flash-preview think__id,g3-flash-preview think__name_en,g3-flash-preview think__name_ml,g3-flash-preview think__cost,g3-flash-preview think__n_raw,g3-flash-preview think__has_json,g3-flash-preview think__usd,g3-flash-preview think__out_tok,g3-flash-preview nothink__id,g3-flash-preview nothink__name_en,g3-flash-preview nothink__name_ml,g3-flash-preview nothink__cost,g3-flash-preview nothink__n_raw,g3-flash-preview nothink__has_json,g3-flash-preview nothink__usd,g3-flash-preview nothink__out_tok,g2.5-flash v2__id,g2.5-flash v2__name_en,g2.5-flash v2__name_ml,g2.5-flash v2__cost,g2.5-flash v2__n_raw,g2.5-flash v2__has_json,g2.5-flash v2__usd,g2.5-flash v2__out_tok,g3.1-flash-lite v2__id,g3.1-flash-lite v2__name_en,g3.1-flash-lite v2__name_ml,g3.1-flash-lite v2__cost,g3.1-flash-lite v2__n_raw,g3.1-flash-lite v2__has_json,g3.1-flash-lite v2__usd,g3.1-flash-lite v2__out_tok
0244755e-8aee-4aa7-ae5b-2292dec80c6e,,,,,6,False,0.058767,16322,,Project for giving arrear honorarium for cleaning staff and staff nurses employed in CSLTC,,,7,True,0.02007,3423,S0001/23,project for giving arrear honorarium for cleaning staff and staff nurses employed in CSLTC,കൊവിഡ പ്രതിരോധ പ്രവർത്തനങ്ങൾ എസ് എൽ ടി സി യിൽ നിയോഗിച്ചിരുന്ന ശുചീകരണ തൊഴിലാളികൾ സ്റാഫ് നേഴ്സ് എന്നിവർക്ക് മാർച് 31വരെ ജോലി ചെയ്ത വേതനം കുടിശിക നൽകൽ,1066449.0,1,True,0.016031,1814,S0001/23,project for giving arrear honorarium for cleaning staff and staff nurses employed in CSLTC,"കോവിഡ് പ്രതിരോധ പ്രവർത്തനങ്ങൾ എസ്.എൽ.സി.ജി യിൽ നിയമിച്ചിരിക്കുന്ന താൽക്കാലിക സ്റ്റാഫ് നേഴ്സ്, എനിക്കുലർ വാർഡ് 31 വരെ ജോലി ചെയ്ത വേതനം കുടിശ്ശിക നൽകൽ",1066449.0,1,True,0.009464,1459
0391e142-b170-4bef-923a-1b9dee44b9f3,,,,,7,False,0.066618,18939,,Repair of various Anganwadies in sector 3 2023(ward 1718197221),,2000000.0,9,True,0.020079,3426,S0036/23,Repair of various Anganwadies in sector 3 2023(ward 1718197221),സെക്ടർ 3 ലെ വിവിധ അംഗൻവാടികളുടെ റിപ്പയർ 2023,2000000.0,1,True,0.016951,2182,S0036/23,Repair of various Anganwadies in sector 3 2023(ward 1718197221),സെക്ടർ 3 ലെ വിവിധ അംഗൻവാടികൾ റിപ്പയർ 2023,2000000.0,1,True,0.009359,1389
04728dcf-f83c-4b75-b949-83a249ceb71a,,,,,3,False,0.047643,12615,,Purchase of photocopier machines for office use in kollam corporation,,150000.0,4,True,0.058188,16130,S1372/21,Purchase of photocopier machines for office use in kollam corporation,ഓഫീസ് ആവശ്യത്തിന് ഫോട്‌ടോകോപ്പിയർ വാങ്ങൽ,150000.0,1,True,0.015684,1676,S1372/21,Purchase of photocopier machines for office use in kollam corporation,ഓഫീസ് ആവശ്യത്തിന് ഫോട്ടോ കോപ്പിയർ വാങ്ങൽ,150000.0,1,True,0.009724,1633
083807a2-00b8-4451-97fd-c53e5640cd8f,,,,,3,False,0.038584,10679,,PLAN FORMULATION,,2000000.0,3,True,0.011584,1679,S0005/21,PLAN FORMULATION,പദ്ധതി രൂപീകരണം,2000000.0,1,True,0.01132,1464,S0005/21,PLAN FORMULATION,പദ്ധതി രൂപീകരണം,2000000.0,1,True,0.006706,1239
0897dc47-cf57-4bd0-a5aa-bbbacf278757,,,,,3,False,0.034483,9312,,Supply of Weed Harvest Agro Service Centre,,,4,True,0.011635,1696,S0654/17,Supply of Weed Harvest Agro Service Centre,അഗ്രോ സർവ്വീസ് സെൻററിന് പോള വാരൽ യന്ത്രം വാങ്ങുന്നതിന്,0.0,1,True,0.010835,1270,S0654/17,Supply of Weed Harvest Agro Service Centre,അഗ്രോ സർവ്വീസ് സെന്റർ പേപ്പർ വേസ്റ്റ് യന്ത്രം,5000000.0,1,True,0.005807,640
0970625d-4b68-4cb6-8692-0024e9bd9e4d,,,,,3,False,0.026227,6560,,RENT PAYMENT OF TRANSFERED INSTITUTION,,1000000.0,3,True,0.010795,1416,S0035/24,RENT PAYMENT OF TRANSFERED INSTITUTION,കൈമാറികിട്ടിയ സ്ഥാപനങ്ങളുടെ വാടക നൽകൽ,1000000.0,1,True,0.011122,1385,S0035/24,RENT PAYMENT OF TRANSFERED INSTITUTION,കൈമാറിയ സ്ഥാപനങ്ങളുടെ വാടക നൽകൽ,1000000.0,1,True,0.006251,936
0b14588f-097d-4a75-9fd0-6349ebfc7dac,,,,,6,False,0.059874,16691,,Eravipuram Zonal Din.Eravipuram Ayurveda hospital maitenance.,,800000.0,6,True,0.018621,2940,S0460/20,Eravipuram Zonal Din.Eravipuram Ayurveda hospital maitenance.,ഇരവിപുരം സോണൽ ടിവി. ഇരവിപുരം ആയുർവേദ ആശുപത്രി കെട്ടിട നവീകരണം,800000.0,1,True,0.015868,1749,S0460/20,Eravipuram Zonal Din.Eravipuram Ayurveda hospital maitenance.,ഇരവിപുരം സോണൽ ദിവി.ഇരവിപുരം ആയുർവേദ ആശുപത്രി കെട്ടിട നവീകരണം,800000.0,1,True,0.009379,1402
0bcf06ca-c6df-45f6-93cd-4eb420269944,,,,,3,False,0.028039,7164,,Daily Expence of Sachivothamapuram CHC,,200000.0,3,True,0.011131,1528,S0112/23,Daily Expence of Sachivothamapuram CHC,സചിവോത്തമപുരം സിഎച്ച്സി ദൈനംദിന ചിലവുകൾ,200000.0,1,True,0.010405,1098,S0112/23,Daily Expence of Sachivothamapuram CHC,സജീവമാക്കപ്പെട്ട എക്സ് റേ മെഷീൻ ചിലവുകൾ,200000.0,1,True,0.006268,947
0bf75c59-0cc1-4ec2-a67e-dc887b51152f,,,,,5,False,0.065141,18447,,with our off springs,,,15,True,0.019619,3273,32,,മക്കൾക്കൊപ്പം,1000000.0,1,True,0.509286,197585,S0032/20,with our off springs,മഴവെള്ളം,1000000.0,1,True,0.009112,1225
1137439f-1502-4200-9e7a-e30be639a533,,,,,5,False,0.059579,16592,,Marriage Grant,,,6,True,0.018269,2822,S0013/22,marriage Grant,വിവാഹധനസഹായം,1500000.0,1,True,0.015572,1630,S0013/22,Marriage Grant,വിവാഹധനസഹായം,1500000.0,1,True,0.009279,1335
1217429b-088b-445d-a120-efe576e9c351,,,,,3,False,0.029257,7570,,"Computer, Laptop for Block Panchayath",,70850.0,3,True,0.011047,1500,S0138/17,"Computer, Laptop for Block Panchayath",ബ്ലോക്ക് പഞ്ചായത്തിന് കംന്പ്യൂട്ടർ ലാപ്പ് ടോപ്പ്,70850.0,1,True,0.010505,1138,S0138/17,"Computer , Laptop for Block Panchayath",ബ്ലോക്ക് പഞ്ചായത്തിന് കമ്പ്യൂട്ടർ ലാപ് ടോപ്പ്,70850.0,1,True,0.006538,1127
1360b66a-7efd-48da-8056-46aa9af16717,,,,,3,False,0.030357,8477,,Solar Battery AMC,,50000.0,4,True,0.00915,1408,,Solar Battery AMC,സോളാർ ബാറ്ററി എ എം സി,50000.0,1,True,0.008446,1080,S0618/21,Solar Battery AMC,സോളാർ ബാറ്ററി എഎം സി,50000.0,1,True,0.004707,714
1906f0cb-d66a-46dd-8e60-612a8604a290,,,,,5,False,0.057578,15926,,construction of play ground,,3000000.0,6,True,0.018755,2985,S1286/23,construction of play ground,കളിസ്ഥലം സജ്ജമാക്കൽ,3000000.0,1,True,0.01669,2078,S1286/23,construction of play ground,കളിസ്ഥലം സജ്ജമാക്കൽ,3000000.0,1,True,0.009309,1356
1e34f20c-ba5d-411d-900a-c7da3e42884f,,,,,3,False,0.023253,6109,,Tharamuttam Sagha Road Concreting,,150000.0,3,True,0.00849,1188,,Tharamuttam Sagha Road Concreting,തറമുറ്റം ശാഖ റോഡ് കോൺക്രീറ്റിംഗ്,150000.0,1,True,0.008221,990,S0070/22,Tharamuttam Sagha Road Concreting,തരംഗം ശാഖ റോഡ് കോൺക്രീറ്റിംഗ്,150000.0,1,True,0.004898,841
22b34271-587b-4bc3-9246-90bf53a44ad6,,,,,3,False,0.037336,10263,,PMAY Fund Allotment -(General),,,3,True,0.01147,1641,9,PMAY Fund Allotment -(General),പിഎംഎവൈ നഗരസഭ വിഹിതം നൽകൽ-(ജനറൽ),23383833.0,1,True,0.010795,1254,S0009/21,PMAY Fund Allotment -(General),പിഎംഎവൈ നഗരസഭ വിഹിതം നൽകൽ-(ജനറൽ),233838333.0,1,True,0.006227,920
244c4b59-ad35-41f2-b697-d03673096dd1,,,,,3,False,0.03421,9221,,,പദ്ധതിരൂപീകരണം (Project Implimentation),0.0,4,True,0.011845,1766,S0224/14,Project Implimentation,പദ്ധതിനിർവ്വഹണം,0.0,1,True,0.010817,1263,S0224/14,Project Implimentation,പദ്ധതിരൂപണം,360000.0,1,True,0.0058,635
30034abd-d9e4-48d8-8549-c5e70a7e1596,,,,,3,False,0.024657,6577,,Vazhottupady thusharappady road concreting ward 15,,100795.0,3,True,0.008484,1186,S0156/19,Vazhottupady thusharaopady road concreting ward 15,വാഴോട്ടപടി തുഷാരപടി റോഡ് കോൺക്രീറ്റിംഗ് വാർഡ് 15,100795.0,1,True,0.008941,1278,S0156/19,Vazhottupady thusharappady road concreting ward 15,വാഴോട്ടുപടി തൃശ്ശാരപ്പടി റോഡ് കോൺക്രീറ്റിംഗ് വാർഡ് 15,100795.0,1,True,0.004761,750
3955679f-bd0e-4ccf-8d24-1de69597a777,,,,,6,False,0.055128,15110,,AALAMARAM PATTANMAKKAL ROAD CONCRETE,,800000.0,5,True,0.018579,2927,S0184/22,AALAMARAM PATTANMAKKAL ROAD CONCRETE,ആലാംമരം പട്ടണക്കൽ റോഡ് കോൺക്രീറ്റ്,800000.0,1,True,0.016296,1921,S0184/22,AALAMARAM PATTANMAKKAL ROAD CONCRETE,ആലാമരം-പട്ടണക്കൽ റോഡ് കോൺക്രീറ്റ്,800000.0,1,True,0.009656,1588
3beb06c1-f94e-4910-90e7-31a313527e26,,,,,3,False,0.026403,7159,,Kottarakkara BP 2020-21 Mnakkod kulam renovation work,,232683.0,4,True,0.00951,1528,S0178/21,Kottarakkara BP 2020-21 Mnakkod kulam renovation work,മാക്കോട് കുളം പുനരുദ്ധാരണം,232683.0,1,True,0.005957,851,S0178/21,Kottarakkara BP 2020-21 Mnakkod kulam renovation work,മണക്കോട് കുളം പുനരുദ്ധാരണം,232683.0,1,True,0.004752,744
3e902f3c-4a35-47fd-b51d-178a55c87469,,,,,6,False,0.232329,74177,,PURCHASE OF CONTAINER MCF,,500000.0,5,True,0.018294,2832,S0414/25,PURCHASE OF CONTAINER MCF,കയർ യൂണിറ്റ്,500000.0,1,True,0.015854,1744,S0414/25,PURCHASE OF CONTAINER MCF,കണ്ടെയ്നർ എംസിഎഫ്,500000.0,1,True,0.010237,1975
3feaa81d-0d22-4695-8d37-30d937f704bf,,,,,3,False,0.035629,9694,,PANNYOTTU KANAL - KILACHA PARAMBU WATER TANK ROAD TARRING,,485000.0,5,True,0.011584,1679,S0099/19,PANNYOTTU KANAL - KILACHA PARAMBU WATER TANK ROAD TARRING,പന്നോട്ട് കനാൽ കിളച്ചപറമ്പ് വാട്ടർ ടാങ്ക് റോറോഡ് ടാറിംഗ്,485000.0,1,True,0.011415,1502,S0099/19,PANNYOTTU KANAL - KILACHA PARAMBU WATER TANK ROAD TARRING,പന്ന്യോട്ട് കനാൽ കിലച്ചപറമ്പ് വാട്ടർ ടാങ്ക് റോഡ് ടാറിംഗ്,485000.0,1,True,0.006566,1146
426ab955-53b2-40f4-b6c4-b1b99ed3b08b,,,,,4,False,0.056205,15469,,Aryankad Road Concrete,,100000.0,6,True,0.017751,2651,S0054/21,Aryankad Road Concrete,ആര്യങ്കാട് റോഡ് കോൺക്രീറ്റ്,100000.0,1,True,0.016531,2015,S0054/21,Aryankad Road Concrete,ആര്യങ്കാട് റോഡ് കോൺക്രീറ്റ്,100000.0,1,True,0.009572,1532
43a6f5e3-b4b7-4945-8cfd-819513b06704,,,,,3,False,0.039904,11119,,payment of electricity water wifi connection charge of anganwadies and transferred institutions,,200000.0,4,True,0.011956,1803,S0022/24,payment of electricity water wifi connection charge of anganwadies and transferred institutions,അങ്കണവാടികളിലെ കറൻ്റ് വെള്ളം വൈഫൈ കണക്ഷൻ ചാർജ് നൽകൽ,200000.0,1,True,0.010242,1033,S0022/24,payment of electricity water wifi connection charge of anganwadies and transferred institutions,"അങ്കണവാടികളിലെ വിദ്യുച്ഛക്തി വാട്ടർ കണക്ഷൻ, കറന്റ് ബില്ല്, ഫോൺ ചാർജ് എന്നിവ ബിൽ പ്രകാരം ഉള്ള തുക നൽകുന്ന",200000.0,1,True,0.006686,1226
43af34aa-0af3-4f6c-8ed8-d1155d69626b,,,,,7,False,0.058877,16359,,purchase of Medicine to CHC KUMBALA,,300000.0,6,True,0.017674,2625,S0084/21,purchase of Medicine to CHC KUMBALA,കുമ്പള സി സി എച്ച് സി ക്ക് മരുന്നു,300000.0,1,True,0.015925,1772,S0084/21,purchase of Medicine to CHC KUMBALA,കമ്പള സി എച്ച് സി മരുന്ന്,300000.0,1,True,0.008993,1145
4cb422c4-ca49-45a9-bdf4-e13eed3d1ee9,,,,,3,False,0.025128,6734,,Construction of St Mary's School Kanjipura,,1000000.0,3,True,0.025116,6730,,സെന്റ് മേരീസ് സ്കൂൾ കഞ്ഞിപ്പര നിർമ്മാണം,,1000000.0,1,True,0.50348,197562,S0873/22,Construction of St Mary's School Kanjipura,സെന്റ് മേരീസ് സ്കൂൾ കഞ്ഞിപുര നിർമ്മാണം,1000000.0,1,True,0.004785,766
4d458902-b1f1-456c-81dc-c1b9045ee446,,,,,3,False,0.042274,11909,,PURCHASE OF MEDICINES FOR P H C s,,1500000.0,3,True,0.011824,1759,S0014/23,PURCHASE OF MEDICINES FOR PHCs,കണ്ണൂർ കോർപറേഷൻ പരിധിയിൽ ഉള്ള പി എച് സി കളിലേക്ക് മരുന്ന് വാങ്ങൽ,1500000.0,1,True,0.010862,1281,S0014/23,PURCHASE OF MEDICINES FOR PHCs,കണ്ണൂർ കോർപ്പറേഷൻ പരിധിയിൽ ഉള്ള പി എച്ച് സി കളിലേക്ക് മരുന്ന് വാങ്ങൽ,1500000.0,1,True,0.006029,788
4d56777c-1ccd-4612-92c2-173e8312ba37,,,,,8,False,0.061534,17244,,S C WOMEN CATERING UNIT,,,11,True,0.019919,3372,S0513/19,S C WOMEN CATERING UNIT,എസ്സ്.സി വനിത ക്യാറ്ററിംഗ് യൂണിറ്റ്,800000.0,1,True,0.016412,1966,S0513/19,S C WOMEN CATERING UNIT,എസ്.സി വനിത കാറ്ററിംഗ് യൂണിറ്റ്,800000.0,1,True,0.009358,1388
4e7576c6-0111-4246-b268-d00288317711,,,,,4,False,0.067563,19255,,CONSTRUCTION OF PAZHAMPILLICHAL COMMUNITY HALL WELL WARD1,,325000.0,5,True,0.018126,2776,S0109/25,CONSTRUCTION OF PAZHAMPILLICHAL COMMUNITY HALL WELL WARD1,പഴമ്പിള്ളിച്ചാല് കമ്മ്യൂണിറ്റി ഹാള് കിണർ നിർമ്മാണം വാർഡ് 1,325000.0,1,True,0.016784,2116,S0109/25,CONSTRUCTION OF PAZHAMPILLICHAL COMMUNITY HALL WELL WARD1,പഴമ്പിള്ളിച്ചാൽ കമ്മ്യൂണിറ്റി ഹാൾ കിണർ നിർമ്മാണം വാർഡ് 1,325000.0,1,True,0.009668,1596
50c203c7-8517-48b6-b049-68c94e994383,,,,,3,False,0.035706,10260,,Chittezhath Thottarath Road Mettalling,,,5,True,0.022281,5785,S0035/16,Chittezhath Thottarath Road Mettalling,ചിറ്റേഴത്ത് തോട്ടാരത്ത് റോഡ് മെറ്റലിംഗ്,300000.0,1,True,0.008921,1270,S0035/16,Chittezhath Thottarath Road Metalling,ചിറ്റേഴത്ത് തോട്ടറത്ത് റോഡ് മെറ്റലിംഗ്,300000.0,1,True,0.004437,534
50c446aa-864a-41c1-b999-09c66108b67d,,,,,5,False,0.055446,15215,,VETERINARY DISPENSARY PAINTING AND MAINTANANCE,,270676.0,8,True,0.019125,3108,S0282/25,VETERINARY DISPENSARY PAINTING AND MAINTANANCE,വെറ്റിനറി ഡിസ് പെൻസറി പെയിൻ്റിംഗ് മെയിൻറനൻസ്,270676.0,1,True,0.013791,1685,S0282/25,VETERINARY DISPENSARY PAINTING AND MAINTANANCE,വെറ്ററിനറി ഡിസ്പെൻസറി പെയിന്റിംഗ് മെയിന്റനൻസ്,270676.0,1,True,0.00953,1503
53151355-7822-4f7a-8029-68c32c1a8db7,,,,,3,False,0.021921,5665,,Cherussery Kurissupalli mele Kodakkattuppara road completion,,490000.0,3,True,0.00894,1338,S0191/22,Cherussery Kurissupalli mele Kodakkattuppara road completion,ചെറുശ്ശേരി കുരിശ്ശുപളളി മേലെകൊടക്കാട്ടപ്പാറ റാഡ് പൂർത്തീകരണം,490000.0,1,True,0.008748,1201,S0191/22,Cherussery Kurissupalli mele Kodakkattuppara road completion,ചെറുശ്ശേരി കുരിസുപ്പള്ളി മേലെ കോടക്കാട്ടുപാറ റോഡ് പൂർത്തീകരണം,490000.0,1,True,0.004685,699
55c16b11-afb8-4ae6-9bd7-59984fbb4cf2,,,,,3,False,0.034546,9333,,Grand to Mentally Disabled,,600000.0,3,True,0.011182,1545,S0003/14,Grand to Mentally Disabled,ശാരീരിക മാനസിക വെല്ലുവിളികൾ നേരിടുന്നവർക്ക് സഹായം,600000.0,1,True,0.01079,1252,S0003/14,Grand to Mentally Disabled,ശാരീരിക മാനസിക വെല്ലുവിളികൾ നേരിടുന്നവർക്ക് ആശ്വാസ സഹായം,600000.0,1,True,0.006625,1185
5e7eee20-c566-4e0c-b41a-075a75a689b5,,,,,3,False,0.024414,6496,,purchase of mice and acceceries in govt schools,,1000000.0,3,True,0.008343,1139,S0154/21,purchase of mice and acceceries in govt schools,ഗവ സ്കൂളകല് മൈകും അനുബന്ധ ഉപകരണങ്ങളം,1000000.0,1,True,0.008541,1118,S0154/21,purchase of mice and acceceries in govt schools,ഗവ സ്കൂളുകൾക്ക് മൈക്കും അക്സസറീസ് ഉപകരണങ്ങളും,1000000.0,1,True,0.005124,992
5ee435b5-0f71-443a-822b-e3d2cfd05a74,,,,,3,False,0.029442,8172,,Ulthasserrilpadi - Challi Ela Road(Ezhamkulam Grama Panchayath ward-13),,1500000.0,3,True,0.008646,1240,S0125/22,Uthasserrilpadi - Chalil Ela Road (Ezhamkulam Grama Panchayath ward-13),ഉത്തശ്ശേരിൽപടി - ചാലിൽ ഏലാ റോഡ് (ഏഴംകുളം ഗ്രാമപഞ്ചായത്ത് വാർഡ് -13),1500000.0,1,True,0.009543,1519,S0125/22,Uthasserippadi - Challil Ela Road(Ezhamkulam Grama Panchayath ward-13),ഉത്തശ്ശേരിപ്പടി - ചാലിൽ ഏല റോഡ് (ഏഴംകുളം ഗ്രാമപഞ്ചായത്ത് വാർഡ്-13),1500000.0,1,True,0.004802,777
5f3414b4-8e64-4bb5-90a1-7f6de1de8fb2,,,,,4,False,0.069954,20052,,PATTANAKKAL KUTTIMANTH OORU DRAINAGE SIDE WALL PROTECTION,,1438000.0,4,True,0.018069,2757,S0235/23,PATTANAKKAL KUTTIMANTH OORU DRAINAGE SIDE WALL PROTECTION,പട്ടണക്കൽ കുട്ടിമന്ത ഊര് ഡ്രൈനേജ് സെറെഡ്കെട്ട്,1438000.0,1,True,0.016854,2144,S0235/23,PATTANAKKAL KUTTIMANTH OORU DRAINAGE SIDE WALL PROTECTION,പട്ടണക്കൽ കുറ്റിമന്ത് ഊര് ഡ്രെയിനേജ് സൈഡ് വാൾ സംരക്ഷണം,1438000.0,1,True,0.109136,67099
5fc20805-27f0-40f2-b245-dcb6dc0af1f0,,,,,3,False,0.026007,7027,,Chinnakkanal G.P Aanachaal B.M Ram road,,1000000.0,3,True,0.009129,1401,751,Chinnakkanal G.P Aanachaal B.M Ram road,2019-20 ചിന്നക്കനാൽ പഞ്ചായത്ത് ആനച്ചാൽ ബി. എൽ. റാം റോഡ്,1000000.0,1,True,0.174403,66697,S0751/20,Chinnakkanal G.P Aanachaal B.M Ram road,ചിന്നക്കനാൽ പഞ്ചായത്ത് ആനച്ചാൽ ബി. എൽ. രാം റോഡ്,1000000.0,1,True,0.004674,692
6005d56c-f075-4673-a513-e9cacab63ea8,,,,,7,False,0.03003,8368,,Retarring works to Gurunagappan kavu - Mavila Road in Ward-31,,,5,True,0.010017,1697,S0053/16,Retarring works to Gurunagappan kavu - Mavila Road in Ward-31,ഗുരുനാഗപ്പൻകാവ് - മാവിള റോഡ് റീടാറിംഗ് - വാർഡ് - 31,0.0,1,True,0.008356,1044,S0053/16,Retarring works to Gurunagappan kavu - Mavila Road in Ward-31,ഗുരുനപ്പൻ കാവ് - മാവില റോഡ് - വാർഡ്-31,376625.0,1,True,0.004592,637
60d7b041-55f6-42a9-a5b3-aa7337c07716,,,,,2,False,0.041953,11802,,,പദ്ധതി രൂപീകരണ നിർവ്വഹണ ചെലവ് (Plan Formulation Implementation),300000.0,3,True,0.011665,1706,S0001/25,Plan Formulation Implimentation,പദ്ധതി രൂപീകരണ നിർവ്വഹണ ചെലവ്,300000.0,1,True,0.010745,1234,S0001/25,Plan Formulation Implimentation,പദ്ധതി രൂപീകരണ നിർവ്വഹണ ചെലവ്,300000.0,1,True,0.006392,1030
610a8f65-857a-4190-bf81-f8a544d055fa,,,,,7,False,0.065773,18657,,HOUSEHOLD WATER CONNECTION (PIPE LINE-WATER AUTHORITY),,950000.0,8,True,0.018638,2945,S0025/21,HOUSEHOLD WATER CONNECTION (PIPE LINE-WATER AUTHORITY),ഗാർഹിക കുടിവെള്ള കണക്ഷൻ നൽകൽ (പൈപ്പ് ലൈൻ -വാട്ടർ അതോറിറ്റി ),1200000.0,1,True,0.016507,2004,S0025/21,HOUSEHOLD WATER CONNECTION (PIPE LINE-WATER AUTHORITY),വാർഷിക കുടിവെള്ള കണക്ഷൻ നൽകൽ (പൈപ്പ് ലൈൻ-വാട്ടർ അതോറിറ്റി),1200000.0,1,True,0.008974,1132
66365ef6-ab80-479e-af2e-01919476823b,,,,,4,False,0.028914,7996,,Vemom Colony Well Deepening,,200000.0,4,True,0.009846,1640,S0314/23,Vemom Colony Well Deepening,വേമം കോളനി കിണർ ആഴംകൂട്ടൽ,200000.0,1,True,0.008623,1151,S0314/23,Vemom Colony Well Deepening,വേമം കോളനി കിണർ ആഴംകൂട്ടൽ,200000.0,1,True,0.004782,764
67430561-fa0e-4457-bde9-f226e49b365a,,,,,28,False,0.075466,22430,,Palliative Care Homoeopathy,,,20,True,0.023068,4964,S0012/24,Paliative Care Homoeopathy,പാലിയേറ്റീവ് കെയർ ഹോമിയോപ്പതി,1500000.0,1,True,0.347603,133678,S0012/24,Palliative Care Homeopathy,പാലിയേറ്റീവ് കെയർ ഹോമിയോപ്പതി,1500000.0,1,True,0.007523,974
6b28405d-58ca-4f14-b725-2859b657b251,,,,,5,False,0.052935,14378,,BUILDING FOR ANASWARA LIBRARY MEPPADY,,870000.0,5,True,0.019224,3141,S0082/24,BUILDING FOR ANASWARA LIBRARY MEPPADY,അനശ്വര ഗ്രന്ഥശാല കെട്ടിടം നിർമ്മാണം,870000.0,1,True,0.016983,2195,S0082/24,BUILDING FOR ANASWARA LIBRARY MEPPADY,അനശ്വര ഗ്രന്ഥശാല കെട്ടിടം നിർമ്മാണം,870000.0,1,True,0.009527,1501
6da3e695-0412-479c-af58-5c5c9d8430bd,,,,,7,False,0.060921,17040,,Menstrual cup for women,,,10,True,0.019917,3372,S0092/25,Menstrual cup for wemen,വനിതകൾക്ക് മെൻസ്ട്രുവൽ കപ്പ് ലഭ്യമാക്കൽ,250000.0,1,True,0.015588,1637,S0092/25,Menstrual cup for wemen,വനിതകൾക്ക് മെൻസ്ട്രൽ കപ്പ് വിതരണം,250000.0,1,True,0.010169,1929
6dd85b39-0c87-4ea5-8f21-e29c72d3381b,,,,,5,False,0.065229,18477,,ARTISTIC AND CULTURAL TRAINING FOR CHILDREN,,500000.0,6,True,0.017274,2492,S1059/20,ARTISTIC AND CULTURAL TRAINING FOR CHILDREN,കുട്ടികൾക്ക് കലാ സാംസ്ക്കാരിക പരിശീലനം നൽകുന്നതിന്,500000.0,1,True,0.015169,1470,S1059/20,ARTISTIC AND CULTURAL TRAINING FOR CHILDREN,കുട്ടികൾക്ക് കലാ സാംസ്കാരിക പരിശീലനം നൽകുന്നത്,500000.0,1,True,0.010033,1839
6f97c075-ee0d-43a3-8ae1-f2b5e18e7c05,,,,,3,False,0.031432,8295,,Anayartholu Vayavasaya estate rennovation,,250000.0,3,True,0.011122,1525,S1319/17,Anayartholu Vayavasaya estate rennovation,അമ്പലത്തോളു വയവാസായ കെട്ടിടം പുനരുദ്ധാരണം,250000.0,1,True,0.01085,1276,S1319/17,Anayartholu Vayavasaya estate rennovation,അനയർതൊളു വായനശാല കേന്ദ്ര പുനരുദ്ധാരണം,250000.0,1,True,0.006451,1069
6fda6a3f-42a8-4ec2-9b8d-a6a547da4c74,,,,,6,False,0.056094,15431,,PEERUMEDU PANCHAYATH GHS PAMBANAR LIBRARY NIRMANAM,,1000000.0,6,True,0.019242,3147,S0266/21,PEERUMEDU PANCHAYATH GHS PAMBANAR LIBRARY NIRMANAM,പീരുമേട് പഞ്ചായത്ത് ജി എച്ച് എസ് പാമ്പനാർ ലൈബ്രററി നിർമ്മാണം,1000000.0,1,True,0.018191,2678,S0266/21,PEERUMEDU PANCHAYATH GHS PAMBANAR LIBRARY NIRMANAM,പീരുമേട് പഞ്ചായത്ത് ജി എച്ച് എസ് പമ്പാനാർ ലൈബ്രറി നിർമ്മാണം,1000000.0,1,True,0.009457,1454
77a40988-7ffb-4b6f-83fb-86b01e702749,,,,,7,False,0.084578,23843,,CONSTRUCTION OF SHE TOILET IN GUPS CHOKKAD,,500000.0,6,True,0.024809,3920,S0128/20,CONSTRUCTION OF SHE TOILET IN GUPS CHOKKAD,ജി.യു.പി.എസ് ചോക്കാട് ഷീ ടോയ് ലറ്റ്,500000.0,1,True,0.022083,2702,S0128/20,CONSTRUCTION OF SHE TOILET IN GUPS CHOKKAD,ജി.യു.പി.എസ് ചോക്കാട് ടോയ്‌ലറ്റ്,500000.0,1,True,0.013364,2442
86959f3d-18b4-49b6-aa19-ba4a0a1e5986,,,,,18,False,0.136574,40088,,Purchase of Medicines to Gov: Ayurveda Dispensary,,0.0,57,True,0.048122,10604,S0100/15,Purchase of Medicines to Gov: Ayurveda Dispensary,ഗവ. ആയുർവേദ ആശുപത്രിക്ക് മരുന്ന് വാങ്ങൽ,0.0,1,True,0.02784,3469,S0100/15,Purchase of Medicines to Gov: Ayurveda Dispensary,ഗവ. ആയുർവേദ ആശുപത്രി മരുന്ന് വാങ്ങൽ,100000.0,1,True,0.016176,2695
88dab004-230d-4722-9abc-bc3e948037c7,,,,,3,False,0.027225,7433,,porkkott stadium footpath balance portion ward 27,,94488.0,3,True,0.008295,1123,S0184/20,porkkott stadium foothpath balance portion ward 27,പോർക്കാട്ട് സ്റ്റേഡിയം നടപ്പാത ബാക്കി ഭാഗം വാർഡ് 27,94488.0,1,True,0.008168,969,S0184/20,porkkott stadium footpath balance portion ward 27,പോർക്കോട് സ്റ്റേഡിയം നടപ്പാത ബാക്കി ഭാഗം വാർഡ് 27,94488.0,1,True,0.00471,716
8923adf0-9c7b-4e0b-8363-badeb17bfb82,,,,,5,False,0.064008,18070,,VGF,,308000.0,5,True,0.017583,2595,S0104/23,VGF,വി ജി എഫ്,308000.0,1,True,0.015476,1593,S0104/23,V G F,വി എഫ്,308000.0,1,True,0.009803,1686
8cad15fe-e2cb-4ba3-a970-0e6d5d2d2d84,,,,,7,False,0.065348,18515,,Cloth bag making -subsidy,,,8,True,0.019693,3297,,Cloth bag making -subsidy,തുണി സഞ്ചി നിർമ്മാണം-വനിത ഗ്രൂപ്പ് -സബ്‌സിഡി നൽകൽ,258250.0,1,True,0.015392,1558,S0113/23,Cloth bag making -subsidy,തുന്നൽ യന്ത്രം-വനിത ഗ്രൂപ്പ്-സബ്‌സിഡി നൽകൽ,258250.0,1,True,0.008919,1095
8cf6065e-cffc-4fe3-b8b0-db45f0b5427f,,,,,7,False,0.259972,82849,,KASARGOD BLOCK PUNCHAYATH 2020-2021- MAITENANCE WORK AND PAITING FOR CHC AND QUATERS AT KUMBALA,,775000.0,6,True,0.019671,3290,S0023/21,KASARGOD BLOCK PUNCHAYATH 2020-2021- MAITENANCE WORK AND PAITING FOR CHC AND QUATERS AT KUMBALA,കാസർഗോഡ് ബ്ലോക്ക് പഞ്ചായത്ത് 2020-2021 - കുമ്പള സിഎച്ച് സിക്കും ക്വാർട്ടേഴ്സിനും അറ്റകുറ്റപണിയും പെയിൻറിങ്ങും,775000.0,1,True,0.016533,2015,S0023/21,KASARGOD BLOCK PUNCHAYATH 2020-2021- MAITENANCE WORK AND PAITING FOR CHC AND QUATERS AT KUMBALA,കാസർഗോഡ് ബ്ലോക്ക് പഞ്ചായത്ത് 2020-2021 - കുംബള സി.എച്ച്.സി. കെട്ടിടം അറ്റകുറ്റപ്പണിയും പെയിന്റിംഗും.,775000.0,1,True,0.009821,1697
8ede6387-3c1f-48a1-8e53-df9ca375caf8,,,,,5,False,0.072594,20932,,Mundakkal Colony Pond Renovation at Ward 14 of Peerumedu GP,,500000.0,6,True,0.019179,3127,S0288/22,Mundakkal Colony Pond Renovation at Ward 14 of Peerumedu GP,പീരുമേട് പഞ്ചായത്ത് വാർഡ് 14 ൽ മുണ്ടക്കൽ കോളനി കുളം നവീകരണം,500000.0,1,True,0.016326,1933,S0288/22,Mundakkal Colony Pond Renovation at Ward 14 of Peerumedu GP,പീരുമേട് പഞ്ചായത്ത് വാർഡ് 14 ൽ മുണ്ടക്കൽ കുളം നവീകരണം,500000.0,1,True,0.009878,1736
8f957593-c12f-4e1d-bc9d-edfa0c3aa4d7,,,,,5,False,0.057081,15761,,EXPENSES FOR DRINKING WATER DISTRIBUTION,,150000.0,4,True,0.016992,2398,S0335/21,EXPENSES FOR DRINKING WATER DISTRIBUTION,കരിവെള്ളിക്കാര്യം,150000.0,1,True,0.015844,1740,S0335/21,EXPENSES FOR DRINKING WATER DISTRIBUTION,കുടിവെള്ളവിതരണം,150000.0,1,True,0.00923,1304
93f29672-bfce-496f-945f-71c188a3ee92,,,,,3,False,0.037426,10293,,Day to day expenses of CHC Porunnannur,,,4,True,0.011014,1489,S0053/20,Day to day expenses of CHC Porunnannur,പൊരുന്നന്നൂർ സാമൂഹികാരോഗ്യകേന്ദ്രത്തിലെ ദൈനംദിന ചിലവുകൾ,250000.0,1,True,0.009912,901,S0053/20,Day to day expenses of CHC Porunnannur,പൊന്നാനി സി.എച്ച്.സി.യുടെ ദൈനംദിന ചെലവുകൾ,250000.0,1,True,0.006236,926
94e19cf5-87f6-4d23-a6f3-797dcfd20944,,,,,3,False,0.028398,7824,,Maintenance of Kureekkattilpadi njaliparambilpadi Road - Naranganam GP,,1500000.0,3,True,0.009702,1592,S0687/22,Maintenance of Kureekkattilpadi njaliparambilpadi Road - Naranganam GP,കുരീക്കാട്ടിൽപടി ഞാലിപ്പറമ്പിൽപ്പടി റോഡ് പുനരുദ്ധാരണം നാരങ്ങാനം ഗ്രാമ പഞ്ചായത്ത്,1500000.0,1,True,0.008711,1186,S0687/22,Maintenance of Kureekkattilpadi njaliparambilpadi Road - Naranganam GP,കരിങ്കട്ടിപ്പടി ഞാലിപ്പറമ്പിൽപടി റോഡ് പുനരുദ്ധാരണം നാരങ്ങാനം ഗ്രാമ പഞ്ചായത്ത്,150000.0,1,True,0.004772,757
95b66f05-dd04-4cce-a183-8c2edfd5dd7e,,,,,4,False,0.058632,16278,,Renovation Of kachadipparambu varikkod anganwadi,,500000.0,4,True,0.017574,2592,S0133/24,Renovation Of kachadipparambu varikkod anganwadi,കാച്ചടിപ്പറമ്പ് വരിക്കോട് അങ്കണവാടി നവീകരണം,500000.0,1,True,0.015084,1436,S0133/24,Renovation Of kachadipparambu varikkod anganwadi,കച്ചാടിപ്പറമ്പ് വരിക്കോട് അങ്കണവാടി നവീകരണം,500000.0,1,True,0.009491,1478
95e5f4c5-1e4d-4366-b887-84c817d01e48,,,,,5,False,0.063886,18028,,Study Room for SC Students,,,8,True,0.018985,3061,,Study Room for SC Students,പട്ടികജാതി വിദ്യാർത്ഥികൾക്ക് പഠനമുറി നിർമ്മിച്ച് നൽകൽ,800000.0,1,True,0.016209,1885,S0022/25,Study Room for SC Students,പട്ടികജാതി വിദ്യാർത്ഥികൾക്ക് പഠനസൗകര്യം ലഭ്യമാക്കൽ,8000000.0,1,True,0.009354,1385
9e464f19-58f4-485e-976e-8dd25fd01531,,,,,6,False,0.044104,12518,,FISHING NET FOR TRADITINAL FISHERMEN(SEA),,,8,True,0.025984,6478,159,FISHING NET FOR TRADITINAL FISHERMEN (SEA),പരന്പരാഗത മത്സ്യത്തൊഴിലാളികൾക്ക് വല,,1,True,0.010514,1141,S0159/17,FISHING NET FOR TRADITINAL FISHERMEN(SEA),പരമ്പരാഗത മത്സ്യത്തൊഴിലാളികൾക്ക് വല,500000.0,1,True,0.006368,1013
9e75d556-516b-42bf-9fff-59fbff387739,,,,,4,False,0.034753,9402,,GENDER RESOURCE CENTER,,200000.0,5,True,0.012742,2065,S0180/21,GENDER RESOURCE CENTER,ജൻഡർ റിസോഴ്സ് സെന്റർ,200000.0,1,True,0.010907,1299,S0180/21,GENDER RESOURCE CENTER,ജൻഡർ റിസോഴ്സ് സെന്റർ,200000.0,1,True,0.006472,1083
a2c13cf0-b9dc-482d-9ab9-661c79cd5ac5,,,,,3,False,0.060448,17967,,Technical Support Charge of IKM,,3161935.0,4,True,0.011971,1808,S0002/21,Technical Support Charge of IKM,പൊതുവിഭാഗം സാങ്കേതിക സഹായ വിഭാഗം,3161935.0,1,True,0.01089,1292,S0002/21,Technical Support Charge of IKM,ഏകീകൃത സാങ്കേതിക സഹായ വിഹിതം,3161935.0,1,True,0.006725,1252
a65dc4af-d4c6-4251-a944-1ddd022d8c63,,,,,5,False,0.051702,13968,,Arts and sports activities for Mentally retarded children in corporation area,,300000.0,5,True,0.018543,2915,,Arts and sports activities for Mentally retarded children in corporation area,ഭിന്നശേഷിക്കാരായ കുട്ടികൾക്ക് മാനസികോല്ലാസ കലാകായിക മൽസരം,300000.0,1,True,0.015924,1772,S0983/23,Arts and sports activities for Mentally retarded children in corporation area,ഭിന്നശേഷിക്കാരായ കുട്ടികൾക്ക് സഹായകരമായ കലാകായിക സേവനം,300000.0,1,True,0.009851,1718
a8010d00-efe7-4f2d-8898-1e4fe7db4917,,,,,3,False,0.03832,10591,,Medicin Purchase for G A H Kasaragod,,807800.0,3,True,0.010969,1474,S0017/16,Medicin Purchase for GAH Kasaragod,ആയുർവേദ ആശുത്രിക്ക് മരുന്നു വാങ്ങൽ,0.0,1,True,0.011315,1462,S0017/16,Medicin Purchase for G A H Kasaragod,ആയുർവേദ ആശുപത്രി മരുന്ന് വാങ്ങൽ,0.0,1,True,0.006476,1086
aa0a3f53-5839-4cfe-9cdb-4eb719734e2f,,,,,5,False,0.050646,13616,,Aruvappara Elakkad farm road retarring and concreting Ward-5,,588298.0,4,True,0.01812,2774,S0047/24,Aruvappara Elakkad farm road retarring and concreting Ward-5,അരുവപ്പാറ ഇലക്കാട് ഫാം റോഡ് റീ ടാറിംഗ് കോൺക്രീറ്റിംഗ് വാർഡ്-5,588298.0,1,True,0.016284,1916,S0047/24,Aruvappara Elakkad farm road retarring and concreting Ward-5,അരുവപ്പാറ ഇലക്കാട് ഫാം റോഡ് ടാറിംഗ് കോൺക്രീറ്റിംഗ് വാർഡ്-5,588298.0,1,True,0.010036,1841
aa17ddc8-d857-44d4-ad6f-7b376ba537de,,,,,7,False,0.063879,17485,,Panchayath Office Maintance,,1490000.0,10,True,0.022613,3730,S0063/20,Panchayath Office Maintance,പഞ്ചായത്ത് ഓഫീസ് മെയിൻ്റനന്സ്,1490000.0,1,True,0.018716,2122,S0063/20,Panchayath Office Maintance,പഞ്ചായത്ത് ഓഫീസ് മെയിന്റനൻസ്,1490000.0,1,True,0.011413,1950
ac239b78-f972-4965-97a8-b0214793edea,,,,,4,False,0.05236,15271,,Sadabdimandiram poortheekaranam,,1000000.0,7,True,0.01345,2301,404,Sadabdimandiram poortheekaranam,ശതാബ്ദിമന്ദിരം പൂർത്തീകരണം,10000000.0,1,True,0.01038,1088,S0404/23,Sadabdimandiram poortheekaranam,ശതാബ്ദിമന്ദിരം പൂർത്തീകരണം,10000000.0,1,True,0.006634,1191
aceecaf0-5478-4c4c-bf9f-1afaeb1974dd,,,,,5,False,0.06975,19984,,DP 2021-22 VPPMKPS GHSS TRIKARIPUR COMPOUND WALL CONSTRUCTION IN TRIKARIPUR GP,,1000000.0,9,True,0.019143,3115,S0548/22,DP 2021-22 VPPMKPS GHSS TRIKARIPUR COMPOUND WALL CONSTRUCTION IN TRIKARIPUR GP,കാജിപാ 2021-22 വിപിപിഎംകെപിഎസ് ജിഎച്ച്എസ്എസ് തൃക്കരിപ്പർ ചുറ്റുമതിൽ നിർമ്മാണം,1000000.0,1,True,0.016484,1996,S0548/22,DP 2021-22 VPPMKPS GHSS TRIKARIPUR COMPOUND WALL CONSTRUCTION IN TRIKARIPUR GP,കാസർഗോഡ് ബിപിഎംകെപിഎസ് ജിഎച്ച്എസ് തൃക്കരിപ്പൂർ കോമ്പൗണ്ട് വാൾ നിർമ്മാണം,1000000.0,1,True,0.010045,1847
af4c3f85-6e07-45cc-9daa-b14815d871f8,,,,,4,False,0.041887,11780,,PURCHASING MEDICINE FOR GOVT: AYURVEDA HOSPITAL AND CHERAVALLY AYURVEDA SUB CENTRE,,1200000.0,5,True,0.013051,2168,S0212/16,PURCHASING MEDICINE FOR GOVT: AYURVEDA HOSPITAL AND CHERAVALLY AYURVEDA SUB CENTRE,കായംകുളം ഗവ.ആയൂർവേദ ആശുപത്രിക്കും ചേരാവള്ളി ആയൂർവേദ സബ്സെൻറെറിനും മരുന്നുവാങ്ങൽ,1200000.0,1,True,0.010947,1315,S0212/16,PURCHASING MEDICINE FOR GOVT: AYURVEDA HOSPITAL AND CHERAVALLY AYURVEDA SUB CENTRE,"കായംകുളം മുനിസിപ്പാലിറ്റി, ചെറവള്ളി ആയുർവേദ സബ് സെന്ററിലെ മരുന്ന് വാങ്ങൽ",0.0,1,True,0.006632,1190
b363c1be-aa7c-4984-b7dd-7ad620f76d36,,,,,4,False,0.03562,9691,,Purchase of Lab Re Agents in CHC Andoorkonam,,100000.0,4,True,0.012103,1852,S0033/20,Purchase of Lab Re Agents in CHC Andoorkonam,"ആൻഡോർക്കോണം സി.എച്ച്.സി യിൽ ലാബിന് ആവശ്യമായ പ്രവർത്തനത്തിന് ലാബ് റീ ഏജന്റ്സ് വാങ്ങുന്നതിനായി 1,00,000/- രൂപ വകയിരുത്തിയിരിക്കുന്നു",100000.0,1,True,0.010507,1139,S0033/20,Purchase of Lab Re Agents in CHC Andoorkonam,അണ്ടൂർക്കോണം സി എച്ച് സി യിൽ ലാബ് റീ ഏജന്റ്സ്,100000.0,1,True,0.006553,1137
b41d2879-b9c9-44c9-92ba-c0f70959597b,,,,,6,False,0.076909,22370,,NAMEBOARD FOR ANGANWADIES,,39000.0,7,True,0.019376,3192,S0223/22,NAMEBOARD FOR ANGANWADIES,അങ്കണവാടികൾക്ക് നെയിം ബോർഡ് സ്ഥാപിക്കൽ,39000.0,1,True,0.015422,1571,S0223/22,NAMEBOARD FOR ANGANWADIES,അങ്കണവാടികൾക്ക് നേം ബോർഡ് സ്ഥാപിക്കൽ,39000.0,1,True,0.009343,1379
b4937393-82b6-4ca7-9fc5-28089a66e20d,,,,,3,False,0.039211,10888,,Njalloor Anganwadi-child friendly centre,,,4,True,0.012451,1968,S0068/14,Njalloor Anganwadi-child friendly centre,ഞള്ളൂർ അംഗനവാടിയിൽ ശിശു സൌഹാർദ്ദമന്ദിരം(വിഹിതം നൽകൽ,0.0,1,True,0.010305,1058,S00668/14,Njalioor Anganwadi-child friendly centre,ഞാറൾ അംഗൻവാടി ശിശു സൗഹൃദവൽക്കരണം,952000.0,1,True,0.006235,925
b55319f7-eafa-4fa9-8c9e-6d8b66279ecc,,,,,5,False,0.076988,22396,,North Paravoor Municipality 2020-21 Thodu cleaning inward No 26 to 29,,160000.0,7,True,0.018925,3042,S0287/21,North Paravoor Muncipality202-21 Thodu cleaning inward No26 to 29,നോർത്ത് പറവൂർ നഗരസഭ- 26 മുതൽ 29 വരെയുള്ള വിവിധ വാർഡുകളിലെ തോടുകളുടെ ശുചീകരണം,160000.0,1,True,0.015092,1439,S0287/21,North Paravoor Municipality202-21 Thodu cleaning inward No26 to 29,നോർത്ത് പറവൂർ നഗരസഭ- 26 മുതൽ 29 വരെയുള്ള വിവിധ വാർഡുകളിലെ തോടുശുചീകരണം,160000.0,1,True,0.009404,1419
bb8f7a37-ddf9-427a-a2ca-325390528b76,,,,,3,False,0.019131,4735,,Thayyulathil Mukku Vayalotuthazha Road Tarring,,250000.0,5,True,0.009927,1667,S0100/20,ThayyuLathil Mukku Vayalottuthazha Road Tarring,തയ്യിലത്തിൽ മുക്ക് വയലോട്ടുതാഴ റോഡ് ടാറിംഗ്,250000.0,1,True,0.008381,1054,S0100/20,Thayulathil Mukku Vayalotuthazha Road Tarring,തയലത്തിൽ മുക്ക് വയലോട്ടുതാഴ റോഡ് ടാറിംഗ്,250000.0,1,True,0.005079,962
be4e578f-3071-4029-b582-90f0652e029b,,,,,5,False,0.071292,20498,,Construction of toilet and waste pit in Panchayath office compound,,162982.0,7,True,0.034164,8122,S0122/20,Construction of toilet and waste pit in Panchayath office compound,"പഞ്ചായത്ത് കോബൌണ്ടിൽ ടൊയ് ലറ്റ്, വേസ്റ്റ് പിറ്റ് നിർമ്മാണം",162982.0,1,True,0.016089,1838,S0122/20,Construction of toilet and waste pit in Panchayath office compound,"പഞ്ചായത്ത് ഓഫീസിൽ ടോയ്‌ലറ്റ്, വേസ്റ്റ് പിറ്റ് നിർമ്മാണം",162982.0,1,True,0.009559,1523
bfa8c66e-2b23-479b-945d-4e5abcc48e10,,,,,9,False,0.095747,27566,,Improvements to Vattakulam SC Colony in Aruvikkara Panchayath,,2000000.0,15,True,0.028535,5162,S1288/21,Improvements to Vattakulam SC Colony in Aruvikkara Panchayath,വട്ടക്കുളം എസ് സി കോളനി നവീകരണം അരുവിക്കര പഞ്ചായത്ത്,2000000.0,1,True,0.021665,2535,S1288/21,Improvements to Vattakulam SC Colony in Aruvikkara Panchayath,വട്ടംകുളം എസ് സി കോളനി നവീകരണം അരുവിക്കര പഞ്ചായത്ത്,2000000.0,1,True,0.012976,2183
c0da2e9b-daf5-45e1-b08c-bdfa9e2035fb,,,,,5,False,0.05271,14304,,Conversion of Valakkandi-Mathamkulangara-Palakkal electric line to three phase,,200000.0,6,True,0.035865,8689,S0301/22,Conversion of Valakkandi-Mathamkulangara-Palakkal electric line to three phase,വലക്കണ്ടി-മാതാംകുളങ്ങര -പാലക്കൽവൈദ്യതി ലൈൻ ത്രീ ഫേസ് ആക്കൽ,200000.0,1,True,0.015756,1705,S0301/22,Conversion of Valakkandi-Mathamkulangara-Palakkal electric line to three phase,വലക്കണ്ടി-മതംകുളങ്ങര-പാലക്കൽ ലൈൻ ത്രീ ഫേസ് ആക്കൽ,200000.0,1,True,0.008903,1086
c168a31d-4182-46e5-bc88-a624d079a2b4,,,,,3,False,0.027174,7416,,Pallikkandi Mukk Ambalathil Mukk Road,,446000.0,4,True,0.009378,1484,S0220/24,Pallikkandi Mukk Ambalathil Mukk Road,പള്ളിക്കണ്ടി മുക്ക് അമ്പലത്തിൽ മുക്ക് ടാറിങ്,446000.0,1,True,0.008341,1038,S0220/24,Pallikkandi Mukk Ambalathil Mukk Road,പള്ളിക്കണ്ടി മുക്ക് അമ്പലത്തിൽ മുക്ക് റോഡ്,446000.0,1,True,0.004643,671
c303d004-c543-414d-8722-ede6d2964f41,,,,,3,False,0.03466,9371,,MALINYA MUKTHA NAVA KERALAM CAMPAIGN THUDAR PRAVARTHANAGAL SUCHITWAM,,,6,True,0.012859,2104,S0039/25,MALINYA MUKTHA NAVA KERALAM CAMPAIGN THUDAR PRAVARTHANAGAL SUCHITWAM,മാലിനമുക്ത നവകേരളം,,1,True,0.010712,1221,S0039/25,MALINYA MUKTHA NAVA KERALAM CAMPAIGN THUDAR PRAVARTHANAGAL SUCHITWAM,മാലിന്യമുക്ത നവകേരളം,100000.0,1,True,0.005849,668
c4d339fa-4a1d-4f2c-b4e8-24bc6c106000,,,,,10,False,0.060272,16823,,Purchase of computer and other related equipments for office of Assistant Executive engineer,,170000.0,10,True,0.019985,3394,S0203/24,Purchase of computer and other related equipments for office of Assistant Executive engineer,അസിസ്റ്റൻറ് എക്സിക്യട്ടീവ് എഞ്ചിനീയറുടെ ഓഫീസിലേക്ക് കമ്പ്യൂട്ടർ അനുബന്ധ ഉപകരണങ്ങളും വാങ്ങൽ,170000.0,1,True,0.017557,2424,S0203/24,Purchase of computer and other related equipments for office of Assistant Executive engineer,അസിസ്റ്റന്റ് എഞ്ചിനീയറുടെ ഓഫീസിലേക്ക് കമ്പ്യൂട്ടർ അനുബന്ധ ഉപകരണങ്ങൾ വാങ്ങൽ,170000.0,1,True,0.009557,1520
c77c2273-0849-4407-b237-8574f5f6d670,,,,,4,False,0.039953,11135,,2019-20 A R Road bus stop renovation -share to Thannyam G P,,500000.0,5,True,0.011787,1746,S0673/20,"2019-20,A R Road bus stop renovation -share to Thannyanm GP","2019-20,എ ആർ റോഡ് ബസ് സ്റ്റോപ്പ് നവീകരണം-താന്ന്യം ഗ്രാമപഞ്ചായത്തിന് വിഹിതം നൽകൽ",500000.0,1,True,0.011553,1557,S0673/20,2019-20 A R Road bus stop renovation -share to Thannyanm G P,2019-20-ലെ ആർ റോഡ് ബസ് സ്റ്റോപ്പ് നവീകരണം -ഷെയർ ടു തണ്ണിയം ജി പി,500000.0,1,True,0.006852,1336
c8d068f2-115e-4945-a5ee-92769ac7b1b8,,,,,8,False,0.054309,14836,,KDP 2020-21 GHSS UDMA AUDITORIUM MAINTENANCE IN UDMA GP,,1500000.0,6,True,0.019833,3344,S0670/21,KDP 2020-21 GHSS UDMA AUDITORIUM MAINTENANCE IN UDMA GP,ജിഎച്ച് എസ് എസ് ഉദുമ ഓഡിറ്റോറിയം അറ്റകുറ്റ പണി,1500000.0,1,True,0.016776,2112,S0670/21,KDP 2020-21 GHSS UDMA AUDITORIUM MAINTENANCE IN UDMA GP,ജിഎച്ച് എസ് ഉദുമ ഓഡിറ്റോറിയം അറ്റകുറ്റ പണി,1500000.0,1,True,0.00953,1503
c8ea08b0-bc4e-404a-816d-05567ba74a5c,,,,,4,False,0.07242,20874,,Renovation of drain with covering slab at Krishna Pillai Auditorium to the in front of the Crematorium,,834339.0,5,True,0.019302,3168,S0029/21,Renovation of drain with covering slab at Krishna Pillai Auditorium to the in front of the Crematorium,ശ്മശാനത്തിൻറെ മുന്നിലുള്ള തോടിനു കൃഷ്ണപിള്ള വായനശാല റോഡ് വരെ സ്ലാബിട്ട് വഴി സഞ്ചാരയോഗ്യമാക്കുക,834339.0,1,True,0.015414,1568,S0029/21,Renovation of drain with covering slab at Krishna Pillai Auditorium to the in front of the Crematorium,ശവപ്പറമ്പിന് മുന്നിലുള്ള കൃഷ്ണ പിള്ള ഡയനാമല റോഡ് വരെ സ്ലാബിട്ട് ഡ്രെയിനേജ് നിർമ്മിച്ച് വിരിക്കൽ,834339.0,1,True,0.009808,1689
cc14bf8b-db7c-4228-aedf-1d4cfa1bb205,,,,,4,False,0.066545,18915,,Basic facilities & kitchen Equipments for Panchayat Kudumbasree Canteen Kallettumkara,,302000.0,4,True,0.019357,3186,S0349/19,Basic facilities & kitchen Equipments for Panchayat Kudumbasree Canteen Kallettumkara,"പഞ്ചായത്ത് കുടുംബശ്രീ വനിതാ കാൻറീൻ - അടിസ്ഥാന സൗകര്യം ഒരുക്കൽ,ഉപകരണങ്ങൾ വാങ്ങൽ",302000.0,1,True,0.017602,2443,S0349/19,Basic facilities & kitchen Equipments for Panchayat Kudumbasree Canteen Kallettumkara,പഞ്ചായത്ത് കുടുംബശ്രീ വനിതാ കാന്റീൻ - അടിസ്ഥാന സൗകര്യ ഉപകരണങ്ങൾ വാങ്ങൽ,302000.0,1,True,0.010332,2038
cc82ead1-dc2b-4234-8865-dea7b70d5b76,,,,,3,False,0.024969,6681,,Construction of a footbridge and a drainage at chembatty colony,,,4,True,0.009252,1442,S0190/17,Construction of a footbridge and a drainage at chembatty colony,"ചെമ്പട്ടി കോളനി നടപ്പാലം, ഡ്രെയിനേജ് നിർമ്മാണം",200000.0,1,True,0.008043,919,S0190/17,Construction of a footbridge and a drainage at chembatty colony,"ചെമ്പട്ടി കോളനി നടപ്പാലം, ഡ്രെയിനേജ് നിർമ്മാണം",200000.0,1,True,0.004629,662
d1ff72c3-05a8-4d55-accc-c987616af20a,,,,,3,False,0.034948,9467,,PURCHASE OF MEDICINE FOR DISTRICT AYURVEDA HOSPITAL,,,4,True,0.011857,1770,S0773/15,PURCHASE OF MEDICINE FOR DISTRICT AYURVEDA HOSPITAL,ജില്ലാ ആയുർവേദ ആശുപത്രിയിലേക്ക് മരുന്ന് വാങ്ങുന്നതിന്,7000000.0,1,True,0.010705,1218,S0773/15,PURCHASE OF MEDICINE FOR DISTRICT AYURVEDA HOSPITAL,ജില്ലാ ആയുർവേദ ആശുപത്രിക്ക് മരുന്ന് വാങ്ങൽ,7000000.0,1,True,0.006224,918
d6d98c16-2958-4f82-a714-858140d0b4b9,,,,,3,False,0.046086,13179,,DPT- TSR- 2019-20 - Share to Eriyad GP for Green Valley Road Retarring - Ward - 16 - Eriyad Division,,600000.0,3,True,0.012734,2062,S0259/20,DPT-TSR-2019-20 - Share to Eriyad GP for Green Valley Road Retarring - Ward - 16 - Eriyad Division,ഗ്രീൻവാലി റോഡ് റീടാറിംഗ്- വാർഡ് 16 - എറിയാട് ഡിവിഷൻ,600000.0,1,True,0.011486,1530,S0259/20,DPT- TSR- 2019-20 - Share to Eriyad GP for Green Valley Road Retarring - Ward - 16 - Eriyad Division,ഗ്രീൻവാലി റോഡ് റീടാർ - വാർഡ് 16 - എറിയാട് ഡിവിഷൻ,600000.0,1,True,0.006578,1153
d923d327-5da3-4497-b38a-6eab5d502e62,,,,,3,False,0.028786,7413,,SPORTS KIT FOR REGISTERED CLUB,,200000.0,4,True,0.011071,1508,S0105/24,SPORTS KIT FOR REGISTERED CLUB,ക്ലബ്ബുകൾക്ക് സ്പോർട്സ് കിറ്റ്,200000.0,1,True,0.012165,1802,S0105/24,SPORTS KIT FOR REGISTERED CLUB,കല്ലൂർ സ്പോർട്സ് കിറ്റ്,200000.0,1,True,0.006416,1046
da214acc-e83a-42be-8bd3-27f6c30ae9d9,,,,,3,False,0.029196,8090,,Narukkanchira uravukuzhi road concrete wad 19,,150000.0,4,True,0.010191,1755,S0129/20,Narukkanchira uravukuzhi road concrete wad 19,നറുക്കൻചിറ ഉറവുകുഴി റോഡ് കോൺക്രീറ്റ് വാർഡ് 19,150000.0,1,True,0.008026,912,S0129/20,Narukkanchira uravukuzhi road concrete wad 19,നരകംകുഴി ഉരവുകുഴി റോഡ് കോൺക്രീറ്റ് വാർഡ് 19,150000.0,1,True,0.004728,728
dcce667f-55ad-4842-b52b-bd0e3f6de65b,,,,,5,False,0.03682,10091,,PURCHASE OF COMPUTER AND PRINTER TO ICDS OFFICE,,60000.0,6,True,0.017476,3643,S0146/19,PURCHASE OF COMPUTER AND PRINTER TO ICDS OFFICE,"ഐസിഡിഎസ് ഓഫീസിലേക്ക് കമ്പ്യൂട്ടർ,പ്രിന്റർ വാങ്ങൽ",60000.0,1,True,0.010425,1106,S0146/19,PURCHASE OF COMPUTER AND PRINTER TO ICDS OFFICE,"ഐസിഡിഎസ് ഓഫീസിലേക്ക് കമ്പ്യൂട്ടർ, പ്രിന്റർ വാങ്ങൽ",60000.0,1,True,0.006083,824
de6d93d0-53e0-4866-a4a6-2afde5cd4182,,,,,7,False,0.07131,20503,,REPAIR WORKS OF VARIOUS ANGANVADIED IN SECTOR 4- 2023,,5000000.0,6,True,0.018789,2996,S0026/23,REPAIR WORKS OF VARIOUS ANGANVADIED IN SECTOR 4- 2023,സൂളിക-4 ലെ വിവിധ അംഗൻവാടികൾ റിപ്പയർ 2023,7000000.0,1,True,0.510872,198219,S0026/23,REPAIR WORKS OF VARIOUS ANGANVADIED IN SECTOR 4- 2023,സെക്ടർ 4 ലെ വിവിധ അംഗൻവാടികളുടെ റിപ്പയർ 2023,5000000.0,1,True,0.009535,1506
dfc50ad1-cec3-4177-9998-f4cf0249e509,,,,,7,False,0.07193,20710,,Financial Assistance for Construction of Boundary wall and Installation of Highmast light in Gov LPS Nellikkala -Share to GPS,,200000.0,12,True,0.021523,3908,,,നെല്ലിക്കാല ഗവ എൽപി എസിൽ ചുറ്റുമതിൽ നിർമ്മാണവും ഹൈമാസ്റ്റ് ലൈറ്റ് സ്ഥാപിക്കലും ഗ്രാമപഞ്ചായത്തിന് വിഹിതം നൽകൽ,,1,True,0.019852,3343,S0717/23,Financial Assistance for Construction of Boundary wall and Installation of Highmast light in Gov LPS Nellikkala -Share to GPS,നെല്ലിക്കാല ഗവ എൽ പി എസ്സിൽ ചുറ്റുമതിൽ നിർമ്മാണവും ഹൈമാസ്റ്റ് ലൈറ്റ് സ്ഥാപിക്കലും -ഷെയർ ടു ജിപിഎസ്,200000.0,1,True,0.109371,67255
ec3da6f2-1de2-4888-861c-3e19f0b44c90,,,,,3,False,0.031813,8422,,ISO Certification,,300000.0,3,True,0.010732,1395,S0019/24,ISO Certification,ഐ എസ് ഒ സർട്ടിഫിക്കേഷൻ,300000.0,1,True,0.010595,1174,S0019/24,ISO Certification,ഐ എസ് ഒ സർട്ടിഫിക്കേഷൻ,300000.0,1,True,0.006355,1005
ed4762d8-1a24-45d6-94b5-5db7cb306f32,,,,,3,False,0.030156,8410,,RENT A VEHICLE FOR BLOCK PANCHAYATH SECRETORY,,500000.0,3,True,0.008919,1331,S0121/25,RENT A VEHICLE FOR BLOCK PANCHAYATH SECRETORY,ബ്ലോക്ക് പഞ്ചായത്ത് സെക്രട്ടറിക്കു വാഹനം വാടകയ്ക്ക് എടുക്കൽ,500000.0,1,True,0.008588,1137,S0121/25,RENT A VEHICLE FOR BLOCK PANCHAYATH SECRETORY,ബ്ലോക്ക് പഞ്ചായത്ത് സെക്രട്ടറിക്കെ വാഹനം വാടകയ്ക്ക് എടുക്കൽ,500000.0,1,True,0.004682,697
edef6776-d53a-49ac-ba97-b506ed3572c6,,,,,5,False,0.047652,12618,,Karimbayil Drinking Water Project Electrification,,150000.0,4,True,0.033738,7980,S0372/19,Karimbayil Drinking Water Project Electrification,കരിമ്പയിൽ കുടിവെള്ള പദ്ധതി ഇലക്ട്രിഫിക്കേഷൻ,150000.0,1,True,0.015764,1708,S0372/19,Karimbayil Drinking Water Project Electrification,കരിമ്പയിൽ കുടിവെള്ള പദ്ധതി ഇലക്ട്രിഫിക്കേഷൻ,150000.0,1,True,0.009746,1648
f0e56baf-3931-4587-93e8-fce456df1628,,,,,5,False,0.0501,13434,,School Equality Programme,,100000.0,8,True,0.018636,2946,S0060/21,School Equality Programme,സ്കൂളുകളിൽ നിയമ സാക്ഷരതാ പരിപാടി,100000.0,1,True,0.015559,1626,S0060/21,School Equality Programme,സ്കൂളിലെ നിയമ സാക്ഷരതാ പരിപാടി,100000.0,1,True,0.009664,1593
f12025b2-ad47-442b-96c7-51795f86f082,,,,,7,False,0.067092,19097,,Chaloorkareparamb anganwadi roof sheeting Ward 2,,161085.0,10,True,0.019551,3250,S0029/24,Chaloor kareparamb anganwadi roof sheeting Ward 2,ചാത്തലൂർ കാരേപറബ് അംഗണവാടി ഷീറ്റ് ഇടൽ വാർഡ് 2,161085.0,1,True,0.016738,2097,S0029/24,Chaloor kareparamb anganwadi roof sheeting Ward 2,ചാലൂർ കാരപറമ്പ് അങ്കണവാടി ഷീറ്റ് ഇടൽ വാർഡ് 2,161085.0,1,True,0.009547,1514
f4245881-17bd-451e-815b-5b0d5e565ac3,,,,,19,False,0.094942,28380,,Jalasamrudhi Avanur Ambedkar DWS,,755000.0,16,True,0.023075,4424,S0027/21,Jalasamrudhi Avanur Ambedkar DWS,ജലസമൃദ്ധി അവനൂർ അംബേദ്കർ കോളനി കിണർ പദ്ധതി,755000.0,1,True,0.017749,2501,S0027/21,Jalasamrudhi Avanur Ambedhker DWS,ജലസമൃദ്ധി അവനൂർ അംബേദ്കർ കലിപ്പടവ് പദ്ധതി,755000.0,1,True,0.009919,1762
f79ad7b0-100b-4492-9494-3cce1512dc78,,,,,3,False,0.033463,8972,,Purchase of Medicines for Veterinary Dispensary Peringottukurissi,,50000.0,6,True,0.011836,1763,S0055/22,Purchase of Medicines for Veterinary Dispensary Peringottukurissi,വെറ്ററിനറി ഡിസ്പെൻസറിയിലേക്ക് മരുന്ന് വാങ്ങൽ,50000.0,1,True,0.011435,1510,S0055/22,Purchase of Medicines for Veterinary Dispensary Peringottukurissi,പെരിങ്ങോട്ടുകുറിശ്ശി വെറ്റിനറി ഡിസ്പെൻസറിക്ക് മരുന്ന് വാങ്ങൽ,50000.0,1,True,0.006535,1125
f8f4241d-5e9d-4b30-8bf5-cc73f4919eda,,,,,3,False,0.03801,11028,,Maintanace of Moosapadi Athani Road,,330000.0,4,True,0.008715,1263,S0334/23,Maintainace of Moosapadi Athani Road,ഊസൂപി അത്താനി റോഡ് അറ്റകുറ്റപ്പണികൾ,330000.0,1,True,0.008408,1065,S0334/23,Maintanace of Moosapadi Athani Road,മൂസാപടി അത്താണീ റോഡ് അറ്റകുറ്റപ്പണികൾ,330000.0,1,True,0.005135,999
fb77a6cf-d79a-4c81-ab47-3dfb11620e00,,,,,3,False,0.053745,14649,,Furniture for SC students,,150000.0,6,True,0.017814,2672,S0168/25,Furniture for SC students,എസ്.സി വിദ്യാർത്ഥികൾക്ക് ഫർണിച്ചർ,150000.0,1,True,0.015396,1561,S0168/25,Furniture for SC students,എസ് സി വിദ്യാർത്ഥികൾക്ക് ഫർണിച്ചർ,150000.0,1,True,0.009337,1375
