pdf_id,page_count,tiles,bucket,n_t,cost_t,n_n,cost_n,out_n,delta,cost_savings
55c16b11-afb8-4ae6-9bd7-59984fbb4cf2,13,4,median,3,0.034546,3,0.011182,1545,0,0.023364000000000003
d923d327-5da3-4497-b38a-6eab5d502e62,13,4,median,3,0.028786,4,0.011071,1508,1,0.017715
f8f4241d-5e9d-4b30-8bf5-cc73f4919eda,12,3,median,3,0.03801,4,0.008715,1263,1,0.029295
fb77a6cf-d79a-4c81-ab47-3dfb11620e00,21,6,top,3,0.053745,6,0.017814,2672,3,0.035931000000000005
a2c13cf0-b9dc-482d-9ab9-661c79cd5ac5,13,4,median,3,0.060448,4,0.011971,1808,1,0.048477
95e5f4c5-1e4d-4366-b887-84c817d01e48,24,6,top,5,0.063886,8,0.018985,3061,3,0.044900999999999996
22b34271-587b-4bc3-9246-90bf53a44ad6,13,4,median,3,0.037336,3,0.01147,1641,0,0.025866
c303d004-c543-414d-8722-ede6d2964f41,13,4,median,3,0.03466,6,0.012859,2104,3,0.021801
43a6f5e3-b4b7-4945-8cfd-819513b06704,13,4,median,3,0.039904,4,0.011956,1803,1,0.027948
0244755e-8aee-4aa7-ae5b-2292dec80c6e,23,6,top,6,0.058767,7,0.02007,3423,1,0.038696999999999995
77a40988-7ffb-4b6f-83fb-86b01e702749,29,8,top,7,0.084578,6,0.024809,3920,-1,0.059769
f79ad7b0-100b-4492-9494-3cce1512dc78,13,4,median,3,0.033463,6,0.011836,1763,3,0.021627
67430561-fa0e-4457-bde9-f226e49b365a,19,5,top,28,0.075466,20,0.023068,4964,-8,0.052398
4d458902-b1f1-456c-81dc-c1b9045ee446,13,4,median,3,0.042274,3,0.011824,1759,0,0.030449999999999998
8cad15fe-e2cb-4ba3-a970-0e6d5d2d2d84,24,6,top,7,0.065348,8,0.019693,3297,1,0.045655
f4245881-17bd-451e-815b-5b0d5e565ac3,24,6,top,19,0.094942,16,0.023075,4424,-3,0.071867
dfc50ad1-cec3-4177-9998-f4cf0249e509,22,6,top,7,0.07193,12,0.021523,3908,5,0.050406999999999993
43af34aa-0af3-4f6c-8ed8-d1155d69626b,22,6,top,7,0.058877,6,0.017674,2625,-1,0.041203000000000004
0970625d-4b68-4cb6-8692-0024e9bd9e4d,13,4,median,3,0.026227,3,0.010795,1416,0,0.015432
a8010d00-efe7-4f2d-8898-1e4fe7db4917,13,4,median,3,0.03832,3,0.010969,1474,0,0.027351
c0da2e9b-daf5-45e1-b08c-bdfa9e2035fb,21,6,top,5,0.05271,6,0.035865,8689,1,0.016845
aceecaf0-5478-4c4c-bf9f-1afaeb1974dd,21,6,top,5,0.06975,9,0.019143,3115,4,0.050607000000000006
6005d56c-f075-4673-a513-e9cacab63ea8,12,3,median,7,0.03003,5,0.010017,1697,-2,0.020013000000000003
8923adf0-9c7b-4e0b-8363-badeb17bfb82,21,6,top,5,0.064008,5,0.017583,2595,0,0.046424999999999994
d1ff72c3-05a8-4d55-accc-c987616af20a,13,4,median,3,0.034948,4,0.011857,1770,1,0.023091
c4d339fa-4a1d-4f2c-b4e8-24bc6c106000,24,6,top,10,0.060272,10,0.019985,3394,0,0.040287
af4c3f85-6e07-45cc-9daa-b14815d871f8,13,4,median,4,0.041887,5,0.013051,2168,1,0.028836
5f3414b4-8e64-4bb5-90a1-7f6de1de8fb2,21,6,top,4,0.069954,4,0.018069,2757,0,0.051885
86959f3d-18b4-49b6-aa19-ba4a0a1e5986,40,10,top,18,0.136574,57,0.048122,10604,39,0.088452
6f97c075-ee0d-43a3-8ae1-f2b5e18e7c05,13,4,median,3,0.031432,3,0.011122,1525,0,0.02031
be4e578f-3071-4029-b582-90f0652e029b,21,6,top,5,0.071292,7,0.034164,8122,2,0.037127999999999994
5e7eee20-c566-4e0c-b41a-075a75a689b5,12,3,median,3,0.024414,3,0.008343,1139,0,0.016071000000000002
8cf6065e-cffc-4fe3-b8b0-db45f0b5427f,23,6,top,7,0.259972,6,0.019671,3290,-1,0.240301
6b28405d-58ca-4f14-b725-2859b657b251,23,6,top,5,0.052935,5,0.019224,3141,0,0.033711000000000005
0897dc47-cf57-4bd0-a5aa-bbbacf278757,13,4,median,3,0.034483,4,0.011635,1696,1,0.022848
1360b66a-7efd-48da-8056-46aa9af16717,12,3,median,3,0.030357,4,0.00915,1408,1,0.021206999999999997
aa17ddc8-d857-44d4-ad6f-7b376ba537de,25,7,top,7,0.063879,10,0.022613,3730,3,0.041266000000000004
3955679f-bd0e-4ccf-8d24-1de69597a777,21,6,top,6,0.055128,5,0.018579,2927,-1,0.036549000000000005
4e7576c6-0111-4246-b268-d00288317711,21,6,top,4,0.067563,5,0.018126,2776,1,0.049436999999999995
50c446aa-864a-41c1-b999-09c66108b67d,23,6,top,5,0.055446,8,0.019125,3108,3,0.036321000000000006
d6d98c16-2958-4f82-a714-858140d0b4b9,14,4,median,3,0.046086,3,0.012734,2062,0,0.033352
88dab004-230d-4722-9abc-bc3e948037c7,12,3,median,3,0.027225,3,0.008295,1123,0,0.01893
610a8f65-857a-4190-bf81-f8a544d055fa,24,6,top,7,0.065773,8,0.018638,2945,1,0.047134999999999996
04728dcf-f83c-4b75-b949-83a249ceb71a,21,6,top,3,0.047643,4,0.058188,16130,1,-0.010544999999999999
426ab955-53b2-40f4-b6c4-b1b99ed3b08b,21,6,top,4,0.056205,6,0.017751,2651,2,0.038454
aa0a3f53-5839-4cfe-9cdb-4eb719734e2f,21,6,top,5,0.050646,4,0.01812,2774,-1,0.032526
c77c2273-0849-4407-b237-8574f5f6d670,14,4,median,4,0.039953,5,0.011787,1746,1,0.028166000000000004
6dd85b39-0c87-4ea5-8f21-e29c72d3381b,21,6,top,5,0.065229,6,0.017274,2492,1,0.047955
b4937393-82b6-4ca7-9fc5-28089a66e20d,13,4,median,3,0.039211,4,0.012451,1968,1,0.026760000000000003
60d7b041-55f6-42a9-a5b3-aa7337c07716,13,4,median,2,0.041953,3,0.011665,1706,1,0.030287999999999995
cc14bf8b-db7c-4228-aedf-1d4cfa1bb205,22,6,top,4,0.066545,4,0.019357,3186,0,0.04718800000000001
6da3e695-0412-479c-af58-5c5c9d8430bd,23,6,top,7,0.060921,10,0.019917,3372,3,0.041004
5fc20805-27f0-40f2-b245-dcb6dc0af1f0,12,3,median,3,0.026007,3,0.009129,1401,0,0.016877999999999997
66365ef6-ab80-479e-af2e-01919476823b,12,3,median,4,0.028914,4,0.009846,1640,0,0.019067999999999998
1217429b-088b-445d-a120-efe576e9c351,13,4,median,3,0.029257,3,0.011047,1500,0,0.018209999999999997
8f957593-c12f-4e1d-bc9d-edfa0c3aa4d7,21,6,top,5,0.057081,4,0.016992,2398,-1,0.040089
c8ea08b0-bc4e-404a-816d-05567ba74a5c,21,6,top,4,0.07242,5,0.019302,3168,1,0.053118
b41d2879-b9c9-44c9-92ba-c0f70959597b,22,6,top,6,0.076909,7,0.019376,3192,1,0.057533
b363c1be-aa7c-4984-b7dd-7ad620f76d36,13,4,median,4,0.03562,4,0.012103,1852,0,0.023517
94e19cf5-87f6-4d23-a6f3-797dcfd20944,12,3,median,3,0.028398,3,0.009702,1592,0,0.018695999999999997
4cb422c4-ca49-45a9-bdf4-e13eed3d1ee9,12,3,median,3,0.025128,3,0.025116,6730,0,1.2000000000001593e-05
95b66f05-dd04-4cce-a183-8c2edfd5dd7e,21,6,top,4,0.058632,4,0.017574,2592,0,0.041058
0b14588f-097d-4a75-9fd0-6349ebfc7dac,23,6,top,6,0.059874,6,0.018621,2940,0,0.041253
8ede6387-3c1f-48a1-8e53-df9ca375caf8,21,6,top,5,0.072594,6,0.019179,3127,1,0.053415000000000004
1906f0cb-d66a-46dd-8e60-612a8604a290,22,6,top,5,0.057578,6,0.018755,2985,1,0.038822999999999996
ec3da6f2-1de2-4888-861c-3e19f0b44c90,13,4,median,3,0.031813,3,0.010732,1395,0,0.021081000000000003
5ee435b5-0f71-443a-822b-e3d2cfd05a74,12,3,median,3,0.029442,3,0.008646,1240,0,0.020796000000000002
3beb06c1-f94e-4910-90e7-31a313527e26,12,3,median,3,0.026403,4,0.00951,1528,1,0.016893
da214acc-e83a-42be-8bd3-27f6c30ae9d9,12,3,median,3,0.029196,4,0.010191,1755,1,0.019005
f12025b2-ad47-442b-96c7-51795f86f082,23,6,top,7,0.067092,10,0.019551,3250,3,0.047541
93f29672-bfce-496f-945f-71c188a3ee92,13,4,median,3,0.037426,4,0.011014,1489,1,0.026412
cc82ead1-dc2b-4234-8865-dea7b70d5b76,12,3,median,3,0.024969,4,0.009252,1442,1,0.015717000000000002
a65dc4af-d4c6-4251-a944-1ddd022d8c63,21,6,top,5,0.051702,5,0.018543,2915,0,0.033158999999999994
edef6776-d53a-49ac-ba97-b506ed3572c6,21,6,top,5,0.047652,4,0.033738,7980,-1,0.013914000000000003
bb8f7a37-ddf9-427a-a2ca-325390528b76,12,3,median,3,0.019131,5,0.009927,1667,2,0.009203999999999999
53151355-7822-4f7a-8029-68c32c1a8db7,12,3,median,3,0.021921,3,0.00894,1338,0,0.012981
0391e142-b170-4bef-923a-1b9dee44b9f3,23,6,top,7,0.066618,9,0.020079,3426,2,0.046539
50c203c7-8517-48b6-b049-68c94e994383,12,3,median,3,0.035706,5,0.022281,5785,2,0.013425000000000003
0bcf06ca-c6df-45f6-93cd-4eb420269944,13,4,median,3,0.028039,3,0.011131,1528,0,0.016908
b55319f7-eafa-4fa9-8c9e-6d8b66279ecc,22,6,top,5,0.076988,7,0.018925,3042,2,0.058063000000000003
de6d93d0-53e0-4866-a4a6-2afde5cd4182,23,6,top,7,0.07131,6,0.018789,2996,-1,0.052521
1e34f20c-ba5d-411d-900a-c7da3e42884f,12,3,median,3,0.023253,3,0.00849,1188,0,0.014763
9e464f19-58f4-485e-976e-8dd25fd01531,15,4,median,6,0.044104,8,0.025984,6478,2,0.018119999999999997
ed4762d8-1a24-45d6-94b5-5db7cb306f32,12,3,median,3,0.030156,3,0.008919,1331,0,0.021237
c168a31d-4182-46e5-bc88-a624d079a2b4,12,3,median,3,0.027174,4,0.009378,1484,1,0.017796
4d56777c-1ccd-4612-92c2-173e8312ba37,24,6,top,8,0.061534,11,0.019919,3372,3,0.041615
0bf75c59-0cc1-4ec2-a67e-dc887b51152f,22,6,top,5,0.065141,15,0.019619,3273,10,0.04552200000000001
dcce667f-55ad-4842-b52b-bd0e3f6de65b,13,4,median,5,0.03682,6,0.017476,3643,1,0.019344
244c4b59-ad35-41f2-b697-d03673096dd1,13,4,median,3,0.03421,4,0.011845,1766,1,0.022364999999999996
c8d068f2-115e-4945-a5ee-92769ac7b1b8,23,6,top,8,0.054309,6,0.019833,3344,-2,0.03447600000000001
f0e56baf-3931-4587-93e8-fce456df1628,21,6,top,5,0.0501,8,0.018636,2946,3,0.031464
30034abd-d9e4-48d8-8549-c5e70a7e1596,12,3,median,3,0.024657,3,0.008484,1186,0,0.016173
1137439f-1502-4200-9e7a-e30be639a533,24,6,top,5,0.059579,6,0.018269,2822,1,0.04131
3feaa81d-0d22-4695-8d37-30d937f704bf,13,4,median,3,0.035629,5,0.011584,1679,2,0.024045
083807a2-00b8-4451-97fd-c53e5640cd8f,13,4,median,3,0.038584,3,0.011584,1679,0,0.027
ac239b78-f972-4965-97a8-b0214793edea,13,4,median,4,0.05236,7,0.01345,2301,3,0.03891
9e75d556-516b-42bf-9fff-59fbff387739,13,4,median,4,0.034753,5,0.012742,2065,1,0.022011
bfa8c66e-2b23-479b-945d-4e5abcc48e10,29,8,top,9,0.095747,15,0.028535,5162,6,0.067212
6fda6a3f-42a8-4ec2-9b8d-a6a547da4c74,23,6,top,6,0.056094,6,0.019242,3147,0,0.036851999999999996
3e902f3c-4a35-47fd-b51d-178a55c87469,21,6,top,6,0.232329,5,0.018294,2832,-1,0.214035
