pdf_id,gcs_path,gcs_bucket,file_size_bytes,bucket,year_label,lb_type_label,district_name,local_body_name,project_no,era
55c16b11-afb8-4ae6-9bd7-59984fbb4cf2,pdfs/2013-2014/Block_Panchayat/Idukki/Devikulam_Block_Panchayat/3.pdf,your-pdf-bucket,172154,median,2013-2014,Block Panchayat,Idukki,Devikulam Block Panchayat,3,2012-2016
b4937393-82b6-4ca7-9fc5-28089a66e20d,pdfs/2013-2014/Block_Panchayat/Thiruvananthapuram/Kilimanoor_Block_Panchayat/60.pdf,your-pdf-bucket,173255,median,2013-2014,Block Panchayat,Thiruvananthapuram,Kilimanoor Block Panchayat,60,2012-2016
1217429b-088b-445d-a120-efe576e9c351,pdfs/2016-2017/Block_Panchayat/Kozhikode/Kunnamangalam_Block_Panchayat/138.pdf,your-pdf-bucket,173210,median,2016-2017,Block Panchayat,Kozhikode,Kunnamangalam Block Panchayat,138,2012-2016
b363c1be-aa7c-4984-b7dd-7ad620f76d36,pdfs/2019-2020/Block_Panchayat/Thiruvananthapuram/Pothencode_Block_Panchayat/33.pdf,your-pdf-bucket,173133,median,2019-2020,Block Panchayat,Thiruvananthapuram,Pothencode Block Panchayat,33,2017-2020
3beb06c1-f94e-4910-90e7-31a313527e26,pdfs/2020-2021/Block_Panchayat/Kollam/Kottarakara_Block_Panchayat/178.pdf,your-pdf-bucket,173054,median,2020-2021,Block Panchayat,Kollam,Kottarakara Block Panchayat,178,2017-2020
93f29672-bfce-496f-945f-71c188a3ee92,pdfs/2019-2020/Block_Panchayat/Alappuzha/Aryad_Block_Panchayat/102.pdf,your-pdf-bucket,172263,median,2019-2020,Block Panchayat,Alappuzha,Aryad Block Panchayat,102,2017-2020
53151355-7822-4f7a-8029-68c32c1a8db7,pdfs/2021-2022/Block_Panchayat/Kozhikode/Koduvally_Block_Panchayat/191.pdf,your-pdf-bucket,173336,median,2021-2022,Block Panchayat,Kozhikode,Koduvally Block Panchayat,191,2021-2026
0bcf06ca-c6df-45f6-93cd-4eb420269944,pdfs/2022-2023/Block_Panchayat/Kottayam/Pallom_Block_Panchayat/112.pdf,your-pdf-bucket,172100,median,2022-2023,Block Panchayat,Kottayam,Pallom Block Panchayat,112,2021-2026
ed4762d8-1a24-45d6-94b5-5db7cb306f32,pdfs/2024-2025/Block_Panchayat/Thiruvananthapuram/Pothencode_Block_Panchayat/72.pdf,your-pdf-bucket,171628,median,2024-2025,Block Panchayat,Thiruvananthapuram,Pothencode Block Panchayat,72,2021-2026
244c4b59-ad35-41f2-b697-d03673096dd1,pdfs/2013-2014/Corporation/Kozhikode/Kozhikkode_Corporation/210.pdf,your-pdf-bucket,173128,median,2013-2014,Corporation,Kozhikode,Kozhikkode Corporation,210,2012-2016
083807a2-00b8-4451-97fd-c53e5640cd8f,pdfs/2020-2021/Corporation/Thiruvananthapuram/Thiruvananthapuram_Corporation/1794.pdf,your-pdf-bucket,173283,median,2020-2021,Corporation,Thiruvananthapuram,Thiruvananthapuram Corporation,1794,2017-2020
a2c13cf0-b9dc-482d-9ab9-661c79cd5ac5,pdfs/2020-2021/Corporation/Thiruvananthapuram/Thiruvananthapuram_Corporation/1519.pdf,your-pdf-bucket,172311,median,2020-2021,Corporation,Thiruvananthapuram,Thiruvananthapuram Corporation,1519,2017-2020
22b34271-587b-4bc3-9246-90bf53a44ad6,pdfs/2020-2021/Corporation/Thiruvananthapuram/Thiruvananthapuram_Corporation/1305.pdf,your-pdf-bucket,172178,median,2020-2021,Corporation,Thiruvananthapuram,Thiruvananthapuram Corporation,1305,2017-2020
43a6f5e3-b4b7-4945-8cfd-819513b06704,pdfs/2023-2024/Corporation/Kozhikode/Kozhikkode_Corporation/1662.pdf,your-pdf-bucket,172725,median,2023-2024,Corporation,Kozhikode,Kozhikkode Corporation,1662,2021-2026
4d458902-b1f1-456c-81dc-c1b9045ee446,pdfs/2022-2023/Corporation/Kannur/Kannur_Corporation/1152.pdf,your-pdf-bucket,172078,median,2022-2023,Corporation,Kannur,Kannur Corporation,1152,2021-2026
0970625d-4b68-4cb6-8692-0024e9bd9e4d,pdfs/2023-2024/Corporation/Kollam/Kollam_Corporation/35.pdf,your-pdf-bucket,171213,median,2023-2024,Corporation,Kollam,Kollam Corporation,35,2021-2026
d1ff72c3-05a8-4d55-accc-c987616af20a,pdfs/2014-2015/District_Panchayat/Ernakulam/Ernakulam_District_Panchayat/773.pdf,your-pdf-bucket,173198,median,2014-2015,District Panchayat,Ernakulam,Ernakulam District Panchayat,773,2012-2016
6f97c075-ee0d-43a3-8ae1-f2b5e18e7c05,pdfs/2016-2017/District_Panchayat/Kollam/Kollam_District_Panchayat/624.pdf,your-pdf-bucket,172510,median,2016-2017,District Panchayat,Kollam,Kollam District Panchayat,624,2012-2016
0897dc47-cf57-4bd0-a5aa-bbbacf278757,pdfs/2016-2017/District_Panchayat/Kottayam/Kottayam_District_Panchayat/654.pdf,your-pdf-bucket,173210,median,2016-2017,District Panchayat,Kottayam,Kottayam District Panchayat,654,2012-2016
d6d98c16-2958-4f82-a714-858140d0b4b9,pdfs/2019-2020/District_Panchayat/Thrissur/Thrissur_District_Panchayat/259.pdf,your-pdf-bucket,172769,median,2019-2020,District Panchayat,Thrissur,Thrissur District Panchayat,259,2017-2020
c77c2273-0849-4407-b237-8574f5f6d670,pdfs/2019-2020/District_Panchayat/Kannur/Kannur_District_Panchayat/925.pdf,your-pdf-bucket,171508,median,2019-2020,District Panchayat,Kannur,Kannur District Panchayat,925,2017-2020
5fc20805-27f0-40f2-b245-dcb6dc0af1f0,pdfs/2019-2020/District_Panchayat/Idukki/Idukki_District_Panchayat/751.pdf,your-pdf-bucket,172916,median,2019-2020,District Panchayat,Idukki,Idukki District Panchayat,751,2017-2020
94e19cf5-87f6-4d23-a6f3-797dcfd20944,pdfs/2021-2022/District_Panchayat/Pathanamthitta/Pathanamthitta_District_Panchayat/687.pdf,your-pdf-bucket,172928,median,2021-2022,District Panchayat,Pathanamthitta,Pathanamthitta District Panchayat,687,2021-2026
4cb422c4-ca49-45a9-bdf4-e13eed3d1ee9,pdfs/2021-2022/District_Panchayat/Kottayam/Kottayam_District_Panchayat/873.pdf,your-pdf-bucket,173270,median,2021-2022,District Panchayat,Kottayam,Kottayam District Panchayat,873,2021-2026
5ee435b5-0f71-443a-822b-e3d2cfd05a74,pdfs/2021-2022/District_Panchayat/Pathanamthitta/Pathanamthitta_District_Panchayat/125.pdf,your-pdf-bucket,172388,median,2021-2022,District Panchayat,Pathanamthitta,Pathanamthitta District Panchayat,125,2021-2026
cc82ead1-dc2b-4234-8865-dea7b70d5b76,pdfs/2016-2017/Grama_Panchayat/Wayanad/Vythiri_Grama_Panchayat/190.pdf,your-pdf-bucket,172573,median,2016-2017,Grama Panchayat,Wayanad,Vythiri Grama Panchayat,190,2012-2016
50c203c7-8517-48b6-b049-68c94e994383,pdfs/2015-2016/Grama_Panchayat/Kottayam/Maravanthuruthu_Grama_Panchayat/35.pdf,your-pdf-bucket,172448,median,2015-2016,Grama Panchayat,Kottayam,Maravanthuruthu Grama Panchayat,35,2012-2016
9e464f19-58f4-485e-976e-8dd25fd01531,pdfs/2016-2017/Grama_Panchayat/Alappuzha/Arattupuzha_Grama_Panchayat/159.pdf,your-pdf-bucket,171628,median,2016-2017,Grama Panchayat,Alappuzha,Arattupuzha Grama Panchayat,159,2012-2016
dcce667f-55ad-4842-b52b-bd0e3f6de65b,pdfs/2018-2019/Grama_Panchayat/Malappuram/Morayur_Grama_Panchayat/146.pdf,your-pdf-bucket,172187,median,2018-2019,Grama Panchayat,Malappuram,Morayur Grama Panchayat,146,2017-2020
3feaa81d-0d22-4695-8d37-30d937f704bf,pdfs/2018-2019/Grama_Panchayat/Kannur/Munderi_Grama_Panchayat/99.pdf,your-pdf-bucket,172523,median,2018-2019,Grama Panchayat,Kannur,Munderi Grama Panchayat,99,2017-2020
9e75d556-516b-42bf-9fff-59fbff387739,pdfs/2020-2021/Grama_Panchayat/Kozhikode/Karasseri_Grama_Panchayat/180.pdf,your-pdf-bucket,172157,median,2020-2021,Grama Panchayat,Kozhikode,Karasseri Grama Panchayat,180,2017-2020
d923d327-5da3-4497-b38a-6eab5d502e62,pdfs/2023-2024/Grama_Panchayat/Kollam/Kadakkal_Grama_Panchayat/105.pdf,your-pdf-bucket,170977,median,2023-2024,Grama Panchayat,Kollam,Kadakkal Grama Panchayat,105,2021-2026
c303d004-c543-414d-8722-ede6d2964f41,pdfs/2024-2025/Grama_Panchayat/Thrissur/Parappukkara_Grama_Panchayat/39.pdf,your-pdf-bucket,172815,median,2024-2025,Grama Panchayat,Thrissur,Parappukkara Grama Panchayat,39,2021-2026
f79ad7b0-100b-4492-9494-3cce1512dc78,pdfs/2021-2022/Grama_Panchayat/Palakkad/Peringottukurissi_Grama_Panchayat/55.pdf,your-pdf-bucket,172209,median,2021-2022,Grama Panchayat,Palakkad,Peringottukurissi Grama Panchayat,55,2021-2026
a8010d00-efe7-4f2d-8898-1e4fe7db4917,pdfs/2015-2016/Municipality/Kasargod/Kasargod_Municipality/17.pdf,your-pdf-bucket,172031,median,2015-2016,Municipality,Kasargod,Kasargod Municipality,17,2012-2016
6005d56c-f075-4673-a513-e9cacab63ea8,pdfs/2015-2016/Municipality/Thiruvananthapuram/Attingal_Municipality/53.pdf,your-pdf-bucket,173348,median,2015-2016,Municipality,Thiruvananthapuram,Attingal Municipality,53,2012-2016
af4c3f85-6e07-45cc-9daa-b14815d871f8,pdfs/2015-2016/Municipality/Alappuzha/Kayamkulam_Municipality/212.pdf,your-pdf-bucket,171213,median,2015-2016,Municipality,Alappuzha,Kayamkulam Municipality,212,2012-2016
5e7eee20-c566-4e0c-b41a-075a75a689b5,pdfs/2020-2021/Municipality/Alappuzha/Kayamkulam_Municipality/154.pdf,your-pdf-bucket,171492,median,2020-2021,Municipality,Alappuzha,Kayamkulam Municipality,154,2017-2020
1360b66a-7efd-48da-8056-46aa9af16717,pdfs/2020-2021/Municipality/Thrissur/Irinjalakkuda_Municipality/618.pdf,your-pdf-bucket,172865,median,2020-2021,Municipality,Thrissur,Irinjalakkuda Municipality,618,2017-2020
88dab004-230d-4722-9abc-bc3e948037c7,pdfs/2019-2020/Municipality/Kottayam/Erattupetta_Municipality/184.pdf,your-pdf-bucket,171774,median,2019-2020,Municipality,Kottayam,Erattupetta Municipality,184,2017-2020
60d7b041-55f6-42a9-a5b3-aa7337c07716,pdfs/2024-2025/Municipality/Malappuram/Manjeri_Municipality/1101.pdf,your-pdf-bucket,173085,median,2024-2025,Municipality,Malappuram,Manjeri Municipality,1101,2021-2026
66365ef6-ab80-479e-af2e-01919476823b,pdfs/2022-2023/Municipality/Wayanad/Mananthavady_Municipality/314.pdf,your-pdf-bucket,173260,median,2022-2023,Municipality,Wayanad,Mananthavady Municipality,314,2021-2026
ec3da6f2-1de2-4888-861c-3e19f0b44c90,pdfs/2023-2024/Municipality/Malappuram/Manjeri_Municipality/751.pdf,your-pdf-bucket,171544,median,2023-2024,Municipality,Malappuram,Manjeri Municipality,751,2021-2026
da214acc-e83a-42be-8bd3-27f6c30ae9d9,pdfs/2019-2020/Municipality/Palakkad/Cherpulassery_Municipality/129.pdf,your-pdf-bucket,171385,median,2019-2020,Municipality,Palakkad,Cherpulassery Municipality,129,2017-2020
bb8f7a37-ddf9-427a-a2ca-325390528b76,pdfs/2019-2020/Grama_Panchayat/Kozhikode/Chorode_Grama_Panchayat/100.pdf,your-pdf-bucket,171505,median,2019-2020,Grama Panchayat,Kozhikode,Chorode Grama Panchayat,100,2017-2020
1e34f20c-ba5d-411d-900a-c7da3e42884f,pdfs/2021-2022/Grama_Panchayat/Malappuram/Chaliyar_Grama_Panchayat/70.pdf,your-pdf-bucket,170847,median,2021-2022,Grama Panchayat,Malappuram,Chaliyar Grama Panchayat,70,2021-2026
c168a31d-4182-46e5-bc88-a624d079a2b4,pdfs/2023-2024/Grama_Panchayat/Kozhikode/Thuneri_Grama_Panchayat/220.pdf,your-pdf-bucket,172927,median,2023-2024,Grama Panchayat,Kozhikode,Thuneri Grama Panchayat,220,2021-2026
30034abd-d9e4-48d8-8549-c5e70a7e1596,pdfs/2018-2019/Municipality/Pathanamthitta/Adoor_Municipality/156.pdf,your-pdf-bucket,171696,median,2018-2019,Municipality,Pathanamthitta,Adoor Municipality,156,2017-2020
ac239b78-f972-4965-97a8-b0214793edea,pdfs/2022-2023/Municipality/Alappuzha/Alappuzha_Municipality/404.pdf,your-pdf-bucket,172080,median,2022-2023,Municipality,Alappuzha,Alappuzha Municipality,404,2021-2026
f8f4241d-5e9d-4b30-8bf5-cc73f4919eda,pdfs/2022-2023/Grama_Panchayat/Malappuram/Chokkad_Grama_Panchayat/334.pdf,your-pdf-bucket,171487,median,2022-2023,Grama Panchayat,Malappuram,Chokkad Grama Panchayat,334,2021-2026
77a40988-7ffb-4b6f-83fb-86b01e702749,pdfs/2019-2020/Block_Panchayat/Ernakulam/Angamaly_Block_Panchayat/98.pdf,your-pdf-bucket,215819,top,2019-2020,Block Panchayat,Ernakulam,Angamaly Block Panchayat,98,2017-2020
f4245881-17bd-451e-815b-5b0d5e565ac3,pdfs/2020-2021/Block_Panchayat/Thrissur/Puzhakkal_Block_Panchayat/27.pdf,your-pdf-bucket,195783,top,2020-2021,Block Panchayat,Thrissur,Puzhakkal Block Panchayat,27,2017-2020
43af34aa-0af3-4f6c-8ed8-d1155d69626b,pdfs/2020-2021/Block_Panchayat/Kasargod/Kasargod_Block_Panchayat/84.pdf,your-pdf-bucket,194616,top,2020-2021,Block Panchayat,Kasargod,Kasargod Block Panchayat,84,2017-2020
8cf6065e-cffc-4fe3-b8b0-db45f0b5427f,pdfs/2020-2021/Block_Panchayat/Kasargod/Kasargod_Block_Panchayat/23.pdf,your-pdf-bucket,192098,top,2020-2021,Block Panchayat,Kasargod,Kasargod Block Panchayat,23,2017-2020
8ede6387-3c1f-48a1-8e53-df9ca375caf8,pdfs/2021-2022/Block_Panchayat/Idukki/Azhutha_Block_Panchayat/288.pdf,your-pdf-bucket,195890,top,2021-2022,Block Panchayat,Idukki,Azhutha Block Panchayat,288,2021-2026
c4d339fa-4a1d-4f2c-b4e8-24bc6c106000,pdfs/2023-2024/Block_Panchayat/Ernakulam/Koovappady_Block_Panchayat/203.pdf,your-pdf-bucket,197270,top,2023-2024,Block Panchayat,Ernakulam,Koovappady Block Panchayat,203,2021-2026
6b28405d-58ca-4f14-b725-2859b657b251,pdfs/2023-2024/Block_Panchayat/Wayanad/Kalpetta_Block_Panchayat/82.pdf,your-pdf-bucket,192714,top,2023-2024,Block Panchayat,Wayanad,Kalpetta Block Panchayat,82,2021-2026
3955679f-bd0e-4ccf-8d24-1de69597a777,pdfs/2021-2022/Block_Panchayat/Palakkad/Attappady_Block_Panchayat/184.pdf,your-pdf-bucket,194814,top,2021-2022,Block Panchayat,Palakkad,Attappady Block Panchayat,184,2021-2026
04728dcf-f83c-4b75-b949-83a249ceb71a,pdfs/2020-2021/Corporation/Kollam/Kollam_Corporation/1372.pdf,your-pdf-bucket,194936,top,2020-2021,Corporation,Kollam,Kollam Corporation,1372,2017-2020
6dd85b39-0c87-4ea5-8f21-e29c72d3381b,pdfs/2019-2020/Corporation/Thiruvananthapuram/Thiruvananthapuram_Corporation/1059.pdf,your-pdf-bucket,193096,top,2019-2020,Corporation,Thiruvananthapuram,Thiruvananthapuram Corporation,1059,2017-2020
c8ea08b0-bc4e-404a-816d-05567ba74a5c,pdfs/2020-2021/Corporation/Ernakulam/Cochin_Corporation/29.pdf,your-pdf-bucket,195112,top,2020-2021,Corporation,Ernakulam,Cochin Corporation,29,2017-2020
0b14588f-097d-4a75-9fd0-6349ebfc7dac,pdfs/2019-2020/Corporation/Kollam/Kollam_Corporation/460.pdf,your-pdf-bucket,198966,top,2019-2020,Corporation,Kollam,Kollam Corporation,460,2017-2020
1906f0cb-d66a-46dd-8e60-612a8604a290,pdfs/2022-2023/Corporation/Thiruvananthapuram/Thiruvananthapuram_Corporation/1286.pdf,your-pdf-bucket,196684,top,2022-2023,Corporation,Thiruvananthapuram,Thiruvananthapuram Corporation,1286,2021-2026
a65dc4af-d4c6-4251-a944-1ddd022d8c63,pdfs/2022-2023/Corporation/Thiruvananthapuram/Thiruvananthapuram_Corporation/983.pdf,your-pdf-bucket,196958,top,2022-2023,Corporation,Thiruvananthapuram,Thiruvananthapuram Corporation,983,2021-2026
0391e142-b170-4bef-923a-1b9dee44b9f3,pdfs/2022-2023/Corporation/Kozhikode/Kozhikkode_Corporation/1590.pdf,your-pdf-bucket,197909,top,2022-2023,Corporation,Kozhikode,Kozhikkode Corporation,1590,2021-2026
de6d93d0-53e0-4866-a4a6-2afde5cd4182,pdfs/2022-2023/Corporation/Kozhikode/Kozhikkode_Corporation/337.pdf,your-pdf-bucket,202540,top,2022-2023,Corporation,Kozhikode,Kozhikkode Corporation,337,2021-2026
0bf75c59-0cc1-4ec2-a67e-dc887b51152f,pdfs/2019-2020/District_Panchayat/Kollam/Kollam_District_Panchayat/32.pdf,your-pdf-bucket,194094,top,2019-2020,District Panchayat,Kollam,Kollam District Panchayat,32,2017-2020
c8d068f2-115e-4945-a5ee-92769ac7b1b8,pdfs/2020-2021/District_Panchayat/Kasargod/Kasargod_District_Panchayat/670.pdf,your-pdf-bucket,199713,top,2020-2021,District Panchayat,Kasargod,Kasargod District Panchayat,670,2017-2020
bfa8c66e-2b23-479b-945d-4e5abcc48e10,pdfs/2020-2021/District_Panchayat/Thiruvananthapuram/Thiruvananthapuram_District_Panchayat/1288.pdf,your-pdf-bucket,211780,top,2020-2021,District Panchayat,Thiruvananthapuram,Thiruvananthapuram District Panchayat,1288,2017-2020
6fda6a3f-42a8-4ec2-9b8d-a6a547da4c74,pdfs/2020-2021/District_Panchayat/Idukki/Idukki_District_Panchayat/266.pdf,your-pdf-bucket,200738,top,2020-2021,District Panchayat,Idukki,Idukki District Panchayat,266,2017-2020
95e5f4c5-1e4d-4366-b887-84c817d01e48,pdfs/2024-2025/District_Panchayat/Alappuzha/Alappuzha_District_Panchayat/945.pdf,your-pdf-bucket,198986,top,2024-2025,District Panchayat,Alappuzha,Alappuzha District Panchayat,945,2021-2026
67430561-fa0e-4457-bde9-f226e49b365a,pdfs/2023-2024/District_Panchayat/Ernakulam/Ernakulam_District_Panchayat/1587.pdf,your-pdf-bucket,193146,top,2023-2024,District Panchayat,Ernakulam,Ernakulam District Panchayat,1587,2021-2026
dfc50ad1-cec3-4177-9998-f4cf0249e509,pdfs/2022-2023/District_Panchayat/Pathanamthitta/Pathanamthitta_District_Panchayat/717.pdf,your-pdf-bucket,197210,top,2022-2023,District Panchayat,Pathanamthitta,Pathanamthitta District Panchayat,717,2021-2026
aceecaf0-5478-4c4c-bf9f-1afaeb1974dd,pdfs/2021-2022/District_Panchayat/Kasargod/Kasargod_District_Panchayat/548.pdf,your-pdf-bucket,196998,top,2021-2022,District Panchayat,Kasargod,Kasargod District Panchayat,548,2021-2026
86959f3d-18b4-49b6-aa19-ba4a0a1e5986,pdfs/2014-2015/Grama_Panchayat/Idukki/Marayoor_Grama_Panchayat/100.pdf,your-pdf-bucket,207710,top,2014-2015,Grama Panchayat,Idukki,Marayoor Grama Panchayat,100,2012-2016
be4e578f-3071-4029-b582-90f0652e029b,pdfs/2019-2020/Grama_Panchayat/Kannur/Pattuvam_Grama_Panchayat/122.pdf,your-pdf-bucket,197720,top,2019-2020,Grama Panchayat,Kannur,Pattuvam Grama Panchayat,122,2017-2020
aa17ddc8-d857-44d4-ad6f-7b376ba537de,pdfs/2019-2020/Grama_Panchayat/Idukki/Chakkupallam_Grama_Panchayat/63.pdf,your-pdf-bucket,206945,top,2019-2020,Grama Panchayat,Idukki,Chakkupallam Grama Panchayat,63,2017-2020
610a8f65-857a-4190-bf81-f8a544d055fa,pdfs/2020-2021/Grama_Panchayat/Palakkad/Pookkottukavu_Grama_Panchayat/17.pdf,your-pdf-bucket,199129,top,2020-2021,Grama Panchayat,Palakkad,Pookkottukavu Grama Panchayat,17,2017-2020
426ab955-53b2-40f4-b6c4-b1b99ed3b08b,pdfs/2020-2021/Grama_Panchayat/Pathanamthitta/Mallappally_Grama_Panchayat/51.pdf,your-pdf-bucket,194639,top,2020-2021,Grama Panchayat,Pathanamthitta,Mallappally Grama Panchayat,51,2017-2020
6da3e695-0412-479c-af58-5c5c9d8430bd,pdfs/2024-2025/Grama_Panchayat/Thrissur/Punnayurkulam_Grama_Panchayat/92.pdf,your-pdf-bucket,199339,top,2024-2025,Grama Panchayat,Thrissur,Punnayurkulam Grama Panchayat,92,2021-2026
b41d2879-b9c9-44c9-92ba-c0f70959597b,pdfs/2021-2022/Grama_Panchayat/Ernakulam/Alangad_Grama_Panchayat/210.pdf,your-pdf-bucket,192479,top,2021-2022,Grama Panchayat,Ernakulam,Alangad Grama Panchayat,210,2021-2026
95b66f05-dd04-4cce-a183-8c2edfd5dd7e,pdfs/2023-2024/Grama_Panchayat/Malappuram/Kodur_Grama_Panchayat/133.pdf,your-pdf-bucket,195027,top,2023-2024,Grama Panchayat,Malappuram,Kodur Grama Panchayat,133,2021-2026
f12025b2-ad47-442b-96c7-51795f86f082,pdfs/2023-2024/Grama_Panchayat/Malappuram/Edavanna_Grama_Panchayat/29.pdf,your-pdf-bucket,199236,top,2023-2024,Grama Panchayat,Malappuram,Edavanna Grama Panchayat,29,2021-2026
edef6776-d53a-49ac-ba97-b506ed3572c6,pdfs/2018-2019/Municipality/Kozhikode/Koduvally_Municipality/372.pdf,your-pdf-bucket,196813,top,2018-2019,Municipality,Kozhikode,Koduvally Municipality,372,2017-2020
b55319f7-eafa-4fa9-8c9e-6d8b66279ecc,pdfs/2020-2021/Municipality/Ernakulam/North_Paravur_Municipality/287.pdf,your-pdf-bucket,198572,top,2020-2021,Municipality,Ernakulam,North Paravur Municipality,287,2017-2020
4d56777c-1ccd-4612-92c2-173e8312ba37,pdfs/2018-2019/Municipality/Ernakulam/Maradu_Municipality/513.pdf,your-pdf-bucket,204612,top,2018-2019,Municipality,Ernakulam,Maradu Municipality,513,2017-2020
f0e56baf-3931-4587-93e8-fce456df1628,pdfs/2020-2021/Municipality/Thiruvananthapuram/Neyyattinkara_Municipality/60.pdf,your-pdf-bucket,193468,top,2020-2021,Municipality,Thiruvananthapuram,Neyyattinkara Municipality,60,2017-2020
1137439f-1502-4200-9e7a-e30be639a533,pdfs/2021-2022/Municipality/Ernakulam/Kalamassery_Municipality/13.pdf,your-pdf-bucket,196258,top,2021-2022,Municipality,Ernakulam,Kalamassery Municipality,13,2021-2026
3e902f3c-4a35-47fd-b51d-178a55c87469,pdfs/2024-2025/Municipality/Kozhikode/Feroke_Municipality/414.pdf,your-pdf-bucket,192429,top,2024-2025,Municipality,Kozhikode,Feroke Municipality,414,2021-2026
fb77a6cf-d79a-4c81-ab47-3dfb11620e00,pdfs/2024-2025/Municipality/Kannur/Sreekandapuram_Municipality/168.pdf,your-pdf-bucket,198483,top,2024-2025,Municipality,Kannur,Sreekandapuram Municipality,168,2021-2026
0244755e-8aee-4aa7-ae5b-2292dec80c6e,pdfs/2022-2023/Municipality/Malappuram/Parappanangadi_Municipality/74.pdf,your-pdf-bucket,200992,top,2022-2023,Municipality,Malappuram,Parappanangadi Municipality,74,2021-2026
8cad15fe-e2cb-4ba3-a970-0e6d5d2d2d84,pdfs/2022-2023/Grama_Panchayat/Pathanamthitta/Ranni_Grama_Panchayat/113.pdf,your-pdf-bucket,199778,top,2022-2023,Grama Panchayat,Pathanamthitta,Ranni Grama Panchayat,113,2021-2026
c0da2e9b-daf5-45e1-b08c-bdfa9e2035fb,pdfs/2021-2022/Grama_Panchayat/Malappuram/Pallickal_Grama_Panchayat/301.pdf,your-pdf-bucket,196695,top,2021-2022,Grama Panchayat,Malappuram,Pallickal Grama Panchayat,301,2021-2026
8923adf0-9c7b-4e0b-8363-badeb17bfb82,pdfs/2022-2023/Grama_Panchayat/Ernakulam/Ezhikkara_Grama_Panchayat/104.pdf,your-pdf-bucket,196207,top,2022-2023,Grama Panchayat,Ernakulam,Ezhikkara Grama Panchayat,104,2021-2026
5f3414b4-8e64-4bb5-90a1-7f6de1de8fb2,pdfs/2022-2023/Block_Panchayat/Palakkad/Attappady_Block_Panchayat/235.pdf,your-pdf-bucket,195823,top,2022-2023,Block Panchayat,Palakkad,Attappady Block Panchayat,235,2021-2026
4e7576c6-0111-4246-b268-d00288317711,pdfs/2024-2025/Grama_Panchayat/Idukki/Adimaly_Grama_Panchayat/109.pdf,your-pdf-bucket,194308,top,2024-2025,Grama Panchayat,Idukki,Adimaly Grama Panchayat,109,2021-2026
50c446aa-864a-41c1-b999-09c66108b67d,pdfs/2024-2025/Grama_Panchayat/Kozhikode/Kodiyathur_Grama_Panchayat/302.pdf,your-pdf-bucket,198754,top,2024-2025,Grama Panchayat,Kozhikode,Kodiyathur Grama Panchayat,302,2021-2026
aa0a3f53-5839-4cfe-9cdb-4eb719734e2f,pdfs/2023-2024/Grama_Panchayat/Ernakulam/Vengoor_Grama_Panchayat/47.pdf,your-pdf-bucket,195873,top,2023-2024,Grama Panchayat,Ernakulam,Vengoor Grama Panchayat,47,2021-2026
cc14bf8b-db7c-4228-aedf-1d4cfa1bb205,pdfs/2018-2019/Grama_Panchayat/Thrissur/Alur_Grama_Panchayat/349.pdf,your-pdf-bucket,199550,top,2018-2019,Grama Panchayat,Thrissur,Alur Grama Panchayat,349,2017-2020
8f957593-c12f-4e1d-bc9d-edfa0c3aa4d7,pdfs/2020-2021/Grama_Panchayat/Ernakulam/Parakkadavu_Grama_Panchayat/335.pdf,your-pdf-bucket,193885,top,2020-2021,Grama Panchayat,Ernakulam,Parakkadavu Grama Panchayat,335,2017-2020
